"{{55.92478149309081,18.500976562500004},{55.186018275670385,30.014648437500004},{54.39337401128388,36.07910156250001},{51.8899461560018,40.07812500000001}}"
"{{58.03142525638545,-48.69140625},{61.808901266043094,-39.63867187500001}}"
"{{57.602301658338554,-40.95703125000001},{57.98488737429835,-48.33984375}}"
"{{48.27000967703672,-57.568359375},{49.4841477632868,-65.21484375000001}}"
"{{54.049297674388214,-56.25000000000001},{49.55377406670324,-65.39062500000001}}"
"{{35.368871853070544,-76.81640625000001},{37.90805243688986,-83.14453125000001}}"
"{{44.213638385324025,-74.44335937500001},{37.85701472546023,-83.05664062500001}}"
"{{32.07927172719534,-90.87890625000001},{37.99614301966832,-82.96875000000001}}"
"{{78.42005806422495,-20.126953125000004},{76.22664012751201,-18.808593750000004}}"
"{{35.675167701982915,34.71679687500001},{42.14688787295143,39.19921875000001}}"
"{{48.12810849885627,30.014648437500004},{52.556306585583535,24.609375000000004}}"
"{{52.95536030569134,30.454101562500004},{52.56301020496154,24.741210937500004}}"
"{{57.175856435834774,17.314453125000004},{61.35462554427844,10.371093750000002}}"
"{{60.58539294166896,19.4677734375},{61.39672484485285,10.327148437500002}}"
"{{49.861637049279196,77.95898437500001},{52.74599203406436,82.79296875000001}}"
"{{54.03045068125295,84.72656250000001},{56.800263602609185,82.88085937500001},{58.85932675891468,80.02441406250001}}"
"{{58.44773280389084,71.76269531250001},{58.859081630272996,80.06835937500001}}"
"{{76.65836907112708,-2.1093750000000004},{78.38430765370833,10.195312500000002}}"
"{{76.20464645196944,8.437500000000002},{76.65952614731235,-1.8457031250000002}}"
"{{17.703756371218716,-45.43945312500001},{19.45368720490853,-52.646484375}}"
"{{36.864392970632885,-29.355468750000004},{33.99963535288413,-25.312500000000004}}"
"{{74.7634170630219,-22.3681640625},{75.8123579667322,-13.842773437500002}}"
"{{42.928649628778004,-21.533203125000004},{47.517099604487214,-13.271484375000002}}"
"{{25.145166047483375,-44.736328125},{23.62384028978172,-39.19921875000001},{9.769371718167386,-27.949218750000004}}"
"{{58.63122962979264,22.851562500000004},{49.724463060945894,35.41992187500001}}"
"{{35.58359446009763,-129.72656250000003},{37.769132164626036,-124.01367187500001},{45.75292012147767,-114.16992187500001},{47.32507626803591,-111.53320312500001}}"
"{{52.98835978029221,-98.21777343750001},{47.427901609207204,-111.35742187500001}}"
"{{61.50204972646884,-75.71777343750001},{53.01467818456147,-98.12988281250001}}"
"{{67.304142101133,-51.81152343750001},{62.8716564168028,-70.88378906250001},{61.4177801021516,-75.67382812500001}}"
"{{42.96519053222561,-65.43457031250001},{53.406237779894184,-48.16406250000001}}"
"{{43.707611538108175,11.25},{45.274921548691054,15.512695312500002},{48.662000518848615,19.599609375000004},{51.808159715204745,22.236328125000004},{54.21409441491083,24.213867187500004},{55.653424393847885,26.235351562500004}}"
"{{61.15387706684412,34.25537109375001},{64.26851214033914,43.94531250000001}}"
"{{18.177050280064915,-113.43383789062501},{20.282776515315845,-112.6318359375},{21.462065806179226,-111.29150390625001},{22.043855385205774,-109.599609375},{22.146725110311888,-107.83081054687501}}"
"{{29.295977839097045,7.844238281250001},{29.477874769620815,9.645996093750002},{29.64035020973514,11.370849609375002},{30.47604551859796,12.63427734375},{31.146165597967535,13.205566406250002},{32.07269477202182,13.688964843750002}}"
"{{57.81979720070229,-44.56054687500001},{57.31293285273603,-43.505859375},{56.8110161536228,-42.67089843750001},{56.229051461854226,-42.42919921875001},{55.786691638218436,-42.40722656250001}}"
"{{51.42623388997235,-9.97486472826415},{54.793702650261565,0.10426095953562255},{51.279157859014504,-10.174501034906731}}"
"{{75.05073481125099,36.123768084235856},{75.00533900095213,27.42191295838084}}"
"{{38.30734442805906,25.444601646165836},{37.21256286136151,34.03578687517813}}"
"{{81.6757992090834,18.522949218750004},{82.12754571377725,20.017089843750004},{82.39378327729118,22.741699218750004},{82.44589323871676,25.795898437500004}}"
"{{19.787531333444466,9.096841010618546},{21.432661722844806,12.238712593678745},{24.006238153945734,14.985266156143135}}"
"{{64.76238850964295,-72.04048591945846},{62.88124976671129,-68.21889492152476},{61.79937936145829,-65.05619892323483}}"
"{{51.80992575451084,-34.23355027102334},{43.23008463223833,-35.90358602116586}}"
"{{71.63076932637914,-12.673234589711488},{73.60336811787388,-3.165049417901702}}"
"{{79.01616790871597,28.582048400118115},{78.36078300469211,28.8456063999756},{78.00050044113047,30.69051239897807},{77.76044654556348,33.50179773079136},{76.2386334546954,37.455167728653784},{74.84444992070402,40.56085916583537}}"
"{{75.73753232631589,45.74686154140544},{73.74755526015889,50.459060243032006},{72.39073012268864,53.09464024160697},{71.43521874688818,54.061019574417784},{70.6203857625603,55.5545149069436}}"
"{{44.63747555616697,-15.336914062500002},{41.96770557653133,-8.085937500000002}}"
"{{55.72688530189908,26.3232421875},{58.92736017048174,30.410156250000004},{60.19613096644992,34.71679687500001},{61.4808845690926,36.82617187500001}}"
"{{64.26375957126979,43.92333984375001},{66.89561029589123,53.02001953125001}}"
"{{22.156865857812267,-107.77587890625},{23.311959447919765,-105.36987304687501},{25.075687989189642,-102.77709960937501},{27.867794789029183,-101.57958984375},{28.757672884769498,-101.15112304687501}}"
"{{32.08246094409519,13.699951171875},{33.4955145265764,13.798828125000002},{34.3977857640205,13.480224609375002},{35.09294276214615,12.886962890625002}}"
"{{54.39063233446665,-43.154296875},{55.0129226816009,-42.64892578125001},{55.764290360303114,-42.40722656250001}}"
"{{53.231146656546635,-48.658447265625},{52.993677676388536,-46.73583984375001},{53.50653851372521,-44.703369140625},{54.01326815604801,-43.64868164062501},{54.393386720617386,-43.13232421875}}"
"{{74.99028453224007,-55.07446289062501},{75.14641796858476,-54.44824218750001},{75.24990407715306,-53.602294921875},{75.29460494722757,-51.95434570312501},{75.26109173557285,-51.15234375},{75.20824419014764,-50.27343750000001}}"
"{{54.774678756634216,-0.00001897919041926599},{58.26330395195126,10.45902233338084}}"
"{{76.45777403918599,43.03344726562501},{75.29213885633494,53.81103515625001}}"
"{{66.33190830621865,-67.18548130827058},{64.16037844200324,-60.68438397845235},{63.42238078065518,-57.873098646639065},{62.50288546624307,-52.338380649631674}}"
"{{81.77050184834688,-43.37402343750001},{82.82050417754978,-42.97851562500001}}"
"{{81.59893348705492,-74.31152343750001},{81.60853687440152,-67.17041015625001},{81.62775727757182,-57.90893554687501},{81.6453400715762,-56.78833007812501}}"
"{{49.31125967928432,-20.434731635618547},{46.72482239799632,-8.921249552522717},{45.6450938913806,-8.37190467748709},{44.5904214229104,-4.174842645880839}}"
"{{55.6589996177794,22.148437500000004},{58.32102168081394,27.509765625000004},{60.39216178889354,31.772460937500004},{60.75382747442505,32.32177734375001}}"
"{{57.0167965275415,-11.513595958238323},{58.85957244703998,-9.62352048895395},{60.930720981156156,-6.261922343393731},{62.30892059346295,-3.8448542391320744},{63.33235511530282,-1.7576416872862468}}"
"{{73.13773453463219,-39.28771670909336},{76.6187666838644,-47.15390866740295}}"
"{{73.53154520692756,0.10986328125000001},{73.61542436869406,2.5158691406250004},{73.49722993515444,4.361572265625001},{73.15361417259953,6.130371093750001}}"
"{{56.30324489054275,-32.970047457301256},{50.999999620077,-27.784400104136992}}"
"{{69.36302001693642,-55.107421875},{70.80135392813257,-47.4169921875}}"
"{{72.08067897252536,-39.79248046875001},{70.80137443786779,-47.40600585937501}}"
"{{70.46618656832909,-35.46386718750001},{72.08733656302931,-39.68261718750001}}"
"{{73.60917671188292,-29.816894531250004},{71.91777680411039,-28.718261718750004}}"
"{{73.37508877351561,-19.742431640625004},{74.76718324778504,-22.34619140625}}"
"{{56.80090563252858,-99.93164062500001},{60.690775414610115,-88.7255859375}}"
"{{74.61392847599367,82.26562500000001},{74.22431792126437,84.99023437500001},{73.86179377786841,86.04492187500001},{73.2772598822318,86.79199218750001}}"
"{{46.12993431524821,91.62597656250001},{46.82614804810706,94.17480468750001},{46.46401753159149,97.25097656250001},{46.554777440399484,99.84375},{47.36480093592178,102.43652343750001},{48.27972308346094,103.447265625}}"
"{{54.39193601555912,104.28222656250001},{52.15831191789854,105.29296875},{50.23035907447831,105.11718750000001},{48.458186438532174,103.57910156250001}}"
"{{67.7230726051335,82.35351562500001},{68.58980474380428,89.56054687500001},{69.70062652757935,91.7578125},{70.95953439107612,93.1201171875},{72.11310399478776,92.5048828125}}"
"{{57.809677032595275,-83.64987387496437},{57.2320246500828,-76.46491966676169},{57.08860260831788,-70.09271649992876}}"
"{{57.08896918388632,-70.09281139588084},{57.68103790939051,-64.1602511459521},{58.562589754629094,-59.4140435208096}}"
"{{27.493051879323193,-9.280287285034486},{15.454051812715898,-1.581879416476646}}"
"{{42.66368030407674,-20.8768392787643},{27.37088285623616,-9.185936814210049}}"
"{{38.95949622897466,-29.026116146130224},{42.53695118962363,-20.874004458309585}}"
"{{51.01577584692359,-27.791902466564032},{42.48842043510386,-20.7427378965221}}"
"{{79.24545437366304,27.114523521165836},{77.96203178812071,19.950014144384546}}"
"{{61.88717268393119,-39.37496204161917},{56.30437538369266,-32.958965395809585}}"
"{{59.125983540370115,-94.85094998552105},{57.821149718271336,-83.67233050057003}}"
"{{58.55139586171978,-59.391805155893756},{59.87828269886096,-54.66769355173895},{61.454520558705475,-49.110332597762984}}"
"{{68.35847314132069,-26.161257023221353},{71.63632689919578,-12.657293855472963}}"
"{{75.20475040327864,3.2898561338647263},{76.61671441818872,5.486172799343883},{79.68746022253274,6.979668131869668}}"
"{{61.449432025641265,-49.08663886423895},{64.292424873665,-40.51759710419043},{66.6968400390226,-32.256352833950864}}"
"{{64.3398970543811,-77.23388671875},{61.44925589650549,-75.73974609375001}}"
"{{64.34932116779144,-77.23388671875},{67.33138443626127,-65.36865234375001}}"
"{{18.30189208734973,-27.333984375000004},{8.349438340213089,-18.061523437500004}}"
"{{67.30605755696692,-51.767578125},{70.40748152714072,-35.37597656250001}}"
"{{78.26096667551305,20.830078125000004},{76.86109963594478,11.953125000000002},{75.97356504654691,8.591308593750002},{75.07301314279181,-4.746093750000001}}"
"{{74.31887447584616,-11.733398437500002},{74.97062643639869,-6.108398437500001},{75.11814513030473,-4.130859375000001}}"
"{{34.72419569749605,-14.589843750000002},{44.606463534106204,-15.336914062500002}}"
"{{73.93411495940879,-14.787597656250002},{74.30737534509012,-11.733398437500002}}"
"{{70.43685729392341,-35.24414062500001},{72.2757770439714,-25.839843750000004},{73.12486558551862,-20.610351562500004},{73.86164122179937,-15.205078125000002}}"
"{{56.55956497127819,68.55468750000001},{69.0321161690397,49.21875000000001}}"
"{{75.73462275243362,30.849609375000004},{69.03732021890106,49.306640625}}"
"{{80.88677818697259,12.612304687500002},{78.4370674773928,22.456054687500004},{77.32101010644672,25.2685546875},{75.71556245378483,30.849609375000004}}"
"{{78.23344486471244,20.698242187500004},{78.45535544202839,22.412109375000004}}"
"{{79.6862283464549,47.81250000000001},{80.5890987240881,55.54687500000001},{81.09275805634603,60.46875000000001},{81.8734367141692,61.52343750000001}}"
"{{76.81865935345358,25.927734375000004},{79.02050083485516,41.83593750000001},{79.68718862069532,47.85644531250001}}"
"{{53.85254867409918,-70.26855468750001},{60.15248567141988,-53.92089843750001}}"
"{{51.34429970240025,3.3398437500000004},{55.57853505394275,16.083984375000004}}"
"{{52.58315281350205,66.92871093750001},{53.716656694374805,69.78515625000001},{55.1734255008646,69.91699218750001},{56.53531277374797,68.55468750000001}}"
"{{58.12255420420502,-20.720214843750004},{59.06313158013613,-14.479980468750002}}"
"{{28.80588932182839,-101.11816406250001},{36.66875909916703,-98.08593750000001}}"
"{{35.36169031910694,6.943359375000001},{35.897619267489084,7.998046875000001},{36.226313678998004,9.393310546875002},{36.27948598108029,10.316162109375002},{36.03133177633189,11.458740234375002},{35.70190660330224,12.117919921875002},{35.13783321638765,12.85400390625}}"
"{{56.56537645148908,-56.38183593750001},{55.97961560354937,-53.99780273437501},{55.57789691884704,-52.78930664062501},{54.98329368802976,-52.30590820312501},{54.16799505414378,-51.48193359375001},{53.48042636195034,-50.02075195312501},{53.225766568883344,-48.66943359375}}"
"{{65.05327551632145,69.99389648437501},{63.87387025958716,73.01513671875001},{63.21294149714376,74.19067382812501},{62.61753815463476,74.19067382812501}}"
"{{47.768132620768654,-19.658755233312256},{45.214270977751774,-13.798733229047906}}"
"{{70.78614860582387,11.071751455245735},{66.68755500667199,25.312462041619163}}"
"{{18.00024271169939,-0.7471841876424957},{17.81206783417001,2.9882338020239723},{18.60493632016966,6.372108270880839},{19.787742945245018,9.05276284378561}}"
"{{77.65575935733388,31.069335937500004},{76.45520487150445,43.04443359375001}}"
"{{74.74709764889987,40.86852380131144},{75.4970607718526,46.27505935497418}}"
"{{73.63401290582287,-3.120221573047287},{75.20846644677127,3.2956042600485222}}"
"{{60.23960065331165,-53.78906250000001},{63.89869788737026,-47.90039062500001},{65.72648347740092,-40.78125000000001},{66.29831478470429,-34.80468750000001},{67.09811219083218,-26.718750000000004},{68.7813087684192,-15.205078125000002},{70.90027654459705,-5.361328125}}"
"{{61.24995200952769,-13.729876946324474},{56.29212102649341,-12.173060333594591}}"
"{{53.10718776196373,-14.260263395845211},{57.02874762515222,-11.55763616669042}}"
"{{63.3227802608622,-1.7574613849772838},{64.92360301681717,1.999805896201479},{66.36397291141385,4.789963145738324}}"
"{{64.61342496960492,-3.0141101424460053},{61.143219745532264,3.5595133749287426}}"
"{{66.62528442653081,-32.53057535311084},{68.35870506364398,-26.081514499964374}}"
"{{9.657487171614802,-53.17382812500001},{10.01210499017064,-55.98632812500001},{11.695309377637432,-57.74414062500001}}"
"{{15.749974578256188,-58.53515625000001},{13.788440546293748,-58.84277343750001},{11.652590690101883,-57.78808593750001}}"
"{{15.813059711129883,-58.4912109375},{17.24542851234396,-57.48046875000001},{18.187227331766525,-55.52490234375001},{19.435214381526674,-52.646484375}}"
"{{32.02819211484591,-36.80419921875001},{25.204856507015837,-44.736328125}}"
"{{19.518058038851773,-52.60253906250001},{25.244662103757296,-44.60449218750001}}"
"{{43.48464016965989,-0.21972656250000003},{41.67274410687105,2.2851562500000004},{39.469865132076265,2.1533203125000004}}"
"{{38.10019860120429,-4.262695312500001},{37.683830198436816,-0.26367187500000006},{39.50426207002779,2.1533203125000004}}"
"{{79.77717904350843,1.40625},{78.99205899878108,5.866699218750001},{78.13389172045265,10.371093750000002},{77.71625006522329,12.348632812500002}}"
"{{56.55946186185518,-56.39282226562501},{57.4921432786751,-58.55712890625001},{58.447540249217525,-61.67724609375001},{59.226601906422744,-64.50073242187501}}"
"{{59.46183086769598,72.03735351562501},{60.51135095852605,72.94921875000001},{61.39671140841662,73.80615234375001},{62.03183323004736,74.22363281250001},{62.60854681207973,74.20166015625001}}"
"{{43.992883840069716,-30.45408258330958},{40.24611411414293,-26.105318648089654}}"
"{{19.82896716709604,9.074365405822494},{26.116043619739177,7.690429687500001}}"
"{{81.90152278479636,31.003417968750004},{82.21717884732273,29.729003906250004},{82.41733189615222,26.630859375},{82.44010732145846,25.795898437500004}}"
"{{73.46296231967706,-14.501953125000002},{74.38774057692511,-16.918945312500004},{74.78495300461908,-19.995117187500004},{75.53901321411672,-21.884765625},{76.27733189313115,-22.016601562500004},{76.64773778214824,-21.665039062500004}}"
"{{77.64470094972832,-13.886718750000002},{77.60702133608908,-17.226562500000004},{77.42649302453621,-18.984375000000004},{77.1165800716276,-20.654296875000004},{76.65948585278281,-21.5771484375}}"
"{{66.22020596298998,-50.03173828125001},{67.52532102601874,-52.27294921875001},{67.85719590635517,-54.16259765625001},{68.6630484357499,-55.87646484375001},{69.54099985211941,-56.82128906250001},{70.40643788378063,-56.86523437500001}}"
"{{70.45148756537807,-56.82128906250001},{71.44812132647203,-55.48095703125001},{71.87630234297953,-53.65722656250001},{72.08029325779549,-50.71289062500001},{71.98537527415112,-49.13085937500001}}"
"{{56.289924127465326,-36.12304687500001},{56.01059325012684,-41.30859375000001},{57.17005791311568,-45.54931640625001},{57.831341515106935,-46.51611328125}}"
"{{61.3939598031093,-47.109375},{59.21734651692117,-47.28515625000001},{57.86803224639199,-46.62597656250001}}"
"{{66.04485210723819,-47.1533203125},{63.479951889529396,-46.62597656250001},{61.48007756731423,-46.99951171875001}}"
"{{20.286968116205717,-32.78320312500001},{22.253087101753394,-37.26562500000001},{26.25964224517833,-39.19921875000001},{29.59895935016973,-39.28710937500001}}"
"{{33.9324315815502,-31.816406250000004},{32.99006815798866,-36.38671875000001},{29.992418898284832,-38.935546875}}"
"{{34.00534356990787,-17.314453125000004},{32.95329487703394,-25.927734375000004},{33.43131641569058,-28.872070312500004},{34.01597306748743,-31.728515625000004}}"
"{{71.8148379618344,71.93847656250001},{70.93044113541477,74.92675781250001},{70.50954566111183,78.13476562500001},{70.39187359330421,80.59570312500001},{70.65568147440719,83.71582031250001},{70.95914372371816,84.72656250000001}}"
"{{73.30276039106512,86.83593750000001},{72.1950665439653,86.83593750000001},{71.34257851305217,85.51757812500001},{70.94530260974649,84.72656250000001}}"
"{{73.95822880810006,84.15527343750001},{73.62696952776959,88.8134765625},{72.97014788878428,90.83496093750001},{72.14139872436087,92.48291015625}}"
"{{37.06724137927635,94.02099609375001},{39.12531877183138,96.50390625000001},{41.61978094942939,98.32763671875001},{43.78382001991003,98.43750000000001},{45.25677471268979,97.88818359375001},{46.82800006246052,96.28417968750001}}"
"{{80.29599718328518,-110.39062500000001},{80.7870980203608,-106.17187500000001},{80.88510661012783,-101.689453125},{80.63096973810897,-97.73437500000001},{80.29599718328518,-95.88867187500001}}"
"{{76.2646257823412,-104.50195312500001},{77.91251922000399,-108.80859375000001},{78.83340365132936,-111.09375000000001},{79.60594644858399,-111.53320312500001},{80.25346270439508,-110.30273437500001}}"
"{{79.40052048078343,-81.82617187500001},{79.99774471941743,-78.486328125},{80.29857038771922,-74.26757812500001},{80.16368033231,-69.96093750000001}}"
"{{79.3231012101695,-66.95068359375001},{79.75013517131347,-67.69775390625001},{80.14870228188123,-69.96093750000001}}"
"{{66.44134664034418,-99.62402343750001},{65.94453461927762,-103.31542968750001},{66.01610670471753,-105.908203125},{65.89072377317652,-109.73144531250001},{65.12762746357518,-112.23632812500001},{64.37542718753565,-113.33496093750001}}"
"{{62.18265534470871,-101.55761718750001},{60.75920215491926,-104.0625},{60.27928388648487,-107.09472656250001},{60.322840995481194,-108.45703125000001}}"
"{{64.3208445534097,-113.55468750000001},{62.6942466491912,-113.90625},{61.16437090923243,-112.10449218750001},{60.26152426982746,-108.4130859375}}"
"{{55.4221472074787,-43.76953125},{52.48290556517378,-32.62939453125001},{49.31538126480096,-20.390625000000004}}"
"{{55.59076338488528,16.116943359375004},{58.37877010012723,24.609375000000004}}"
"{{14.025760752558952,-110.41259765625001},{14.174977457473423,-108.08349609375001},{14.877090733223103,-106.96289062500001},{16.211081260172612,-105.82031250000001}}"
"{{42.11463961688746,-94.59228515625001},{41.49014466249196,-95.66894531250001},{40.7616951916649,-96.56982421875001},{36.562139159095516,-98.12988281250001}}"
"{{23.07992387494977,-7.734460406356887},{20.36540825179687,-4.570340968785629},{19.00007622133986,-2.6806925312856293},{18.000120492511314,-0.7693656149870876}}"
"{{51.86284455345084,-34.277381708380844},{56.57912663496614,-37.63912565841042}}"
"{{79.21333733807444,39.03821358254052},{78.43809299334234,39.301771582398054},{77.73003656200588,40.75134058161426},{75.73545053162022,45.80286891221625}}"
"{{74.85072655153292,40.51757812500001},{73.50330554945339,43.24154220752583},{72.73798395134558,43.637012061644995},{71.46909355824606,45.74688052059581},{70.67081726649663,47.8120634786204},{69.88484430709045,49.306355937143756}}"
"{{72.88676503157792,16.105957031250004},{73.30849548418075,18.149414062500004},{73.80002757972517,20.061035156250004},{73.97690609606218,23.2470703125},{74.06765566914831,25.158691406250004},{73.72012165754465,27.421875000000004},{73.35892328157159,28.586425781250004}}"
"{{74.29460183520459,-127.08984375000001},{75.2413164298659,-126.80419921875001},{75.94123394262486,-124.14550781250001},{76.17948993520983,-121.44287109375001},{76.11634482425806,-118.34472656250001}}"
"{{49.03062433304563,90.78002929687501},{48.305126944258326,93.75732421875},{46.81501968303609,96.28417968750001}}"
"{{62.46984995470188,-54.22851562500001},{60.949366185792854,-55.28320312500001},{59.90818670630239,-55.107421875},{59.037442265232976,-53.83300781250001},{57.914774882712656,-52.3388671875}}"
"{{52.07363345311216,-56.337890625},{52.903372459191964,-53.30566406250001},{54.567209491008434,-51.37207031250001},{56.45838977373513,-51.1083984375},{57.844824019212794,-52.25097656250001}}"
"{{33.8241381839925,-34.40917968750001},{37.26530002844018,-29.707031250000004}}"
"{{42.54673046162855,-21.972656250000004},{37.369631775204944,-29.531250000000004}}"
"{{82.56919471699602,9.316406250000002},{82.76000614832704,13.139648437500002},{82.77090468191619,14.589843750000002}}"
"{{81.57624375208998,20.742187500000004},{82.10027447193268,20.874023437500004},{82.36754722779177,20.258789062500004},{82.62582906458907,17.973632812500004},{82.76554385251674,15.908203125000002},{82.76536634681177,14.5458984375}}"
"{{75.38769713273545,38.10033329929772},{77.04075005181086,38.32004176831921},{77.39910280868739,37.089811181738675},{77.86960097282169,36.8261646376086}}"
"{{77.86955379081394,36.91396479521598},{78.39367706243787,37.83688873163008},{78.68185020681567,40.5175021323902}}"
"{{78.69049354548898,40.56160304880551},{78.57791917476548,43.06646414913126},{78.12542830525935,45.131843174891415}}"
"{{49.71053473425327,35.48603887201375},{48.9948774242789,37.02417366190577},{48.61627826674133,38.87021004215907},{47.88687666861461,39.63868092173928}}"
"{{44.35174171262946,38.69444326694189},{45.5032040502355,39.85889815275574},{46.9925993414573,40.21043170319012},{47.85746148230169,39.72658240282639}}"
"{{44.22951466625372,33.74998733456503},{43.85036550377985,36.29881365021719},{44.32390607720742,38.6278916911951}}"
"{{40.27950663625113,-37.617198356087115},{38.16918278315815,-37.79294341913008},{36.80095510923316,-36.99968353229629}}"
"{{51.31686491143558,3.2080403807613287},{48.28297707672947,-5.229332964889005}}"
"{{35.532342964865485,-32.4096263537494},{35.67519303434848,-34.91454173451074},{36.7917155922484,-36.97997504070646}}"
"{{35.53222115217075,-32.38767179097793},{37.098945736763035,-29.278577118559966},{39.10446945012451,-28.42165528557101},{40.16230025226997,-26.060284837277372}}"
"{{45.21005088599829,-13.79985516408302},{48.254057420890675,-5.2735460608711335}}"
"{{40.17867317498027,-26.015527295215982},{45.24407638024411,-13.711078629132462}}"
"{{44.57499511524763,-4.196777343750001},{43.75531064668308,0.13183593750000003},{42.87592753765634,6.04248046875},{43.707809912357675,11.140136718750002}}"
"{{58.367336242564555,24.609375000000004},{61.14332555283186,34.23339843750001}}"
"{{56.75296223007327,-99.88769531250001},{53.01524851424615,-98.08593750000001}}"
"{{66.17828107751984,38.81469726562501},{64.05283920648135,44.23095703125001}}"
"{{63.70336303174898,29.882812500000004},{61.312421635575824,34.84863281250001}}"
"{{61.10079485982164,20.126953125000004},{58.65396135534722,25.004882812500004}}"
"{{51.50872693149315,-10.283203125000002},{48.224888714554396,-5.712890625000001}}"
"{{14.051282341120453,-110.50048828125001},{14.77446035749563,-112.39013671875001},{16.509402282670774,-113.31298828125},{18.16674226227422,-113.44482421875001}}"
"{{64.57580568228433,34.98046875000001},{64.03262154768468,36.60644531250001},{63.261923623217356,37.26562500000001},{62.45992283094694,37.37548828125001},{61.501606328634786,36.84814453125001}}"
"{{50.43653389321741,-115.25756835937501},{52.676414223949166,-109.65454101562501}}"
"{{50.40161868392758,-115.32348632812501},{48.305118647118945,-113.15917968750001},{48.29624200976399,-113.14819335937501}}"
"{{42.05804989892032,-8.085937500000002},{53.9560855309879,-9.624023437500002}}"
"{{53.95601947392887,-9.580078125},{56.169995204679175,-0.13183593750000003},{56.848965158980924,10.898437500000002},{55.94917887002723,18.413085937500004}}"
"{{51.9577036155184,2.3071289062500004},{56.096785358654266,-0.3515625}}"
"{{49.97212351058673,-31.860351562500004},{52.6901693038068,-16.787109375000004},{54.77548975321993,-5.493164062500001}}"
"{{26.10456104657996,7.646484375000001},{33.128818657438806,17.753906250000004},{38.71989233294567,25.971679687500004}}"
"{{42.19601498258528,-94.46044921875001},{47.17476562039969,-84.72656250000001}}"
"{{70.88781966061711,-5.427246093750001},{72.95829287225366,4.196777343750001},{74.83354991715552,14.23828125},{76.47572586662282,24.301757812500004}}"
"{{47.15968734312119,-84.70458984375001},{53.826942776380655,-70.04882812500001}}"
"{{38.74547383764212,26.004638671875004},{44.33956524809713,34.76074218750001}}"
"{{44.37090002575619,34.78271484375001},{51.86718355532481,40.20996093750001}}"
"{{60.773999862871555,-81.40907445059963},{57.827226832570275,-83.71589622926169}}"
"{{61.09017608172911,-64.92921819794043},{58.34464017467882,-60.73218463511979}}"
"{{72.87956584866973,12.942951658420162},{72.39400522067476,15.887651274820199},{71.35448858303229,16.195306458623183},{70.49553063434459,14.941389965870158}}"
"{{64.60500997586394,-3.1639756513074624},{66.65290100843096,5.581092683802985},{67.79261655910906,8.393554687500002},{69.74887362263277,8.70121529934628},{70.79415519944585,10.898453784129847}}"
"{{80.74310988453212,-7.558593750000001},{80.55383326425877,-6.525878906250001},{80.40112096096998,-5.163574218750001},{80.31276131214263,-3.1420898437500004},{80.26827985704199,-1.8457031250000002},{80.05421540240208,-0.32958984375000006},{79.77333625307325,1.4282226562500002}}"
"{{66.37290307730711,4.8557887619082205},{68.84007694854893,9.206532112663453},{69.503900185873,11.469712992391806},{70.50340704073754,14.963492895158955}}"
"{{70.887327490788,11.030398282495543},{71.58007498193325,13.798996394341822},{71.7597288213397,16.52360034129853},{71.95138944942508,19.467833145976122},{72.89359403177787,22.50017369738508},{73.78791001605363,24.96110576934182},{74.61331740475983,26.367312344995547},{75.32004965723647,26.850699926408954},{75.85712786634679,26.172347111723205}}"
"{{58.802777966497764,-55.019517679891784},{55.42852124303409,-43.8570853363164}}"
"{{67.87964694224684,-68.51074218750001},{68.5322332008939,-69.55444335937501},{69.39181994647252,-71.74072265625001},{70.12916027413297,-73.98193359375001},{70.83024762385253,-77.05810546875001}}"
"{{77.96619621497247,19.92919514771753},{76.75803223245434,23.99416912222726},{76.26871417715643,25.411425805514575},{75.86127347298935,26.13658588426231}}"
"{{31.6161293920682,25.6639647952209},{37.12541746219927,34.01355788609105}}"
"{{53.12711338065613,-14.238386295403838},{49.06665066099686,-19.193122737618133}}"
"{{60.064759414506774,24.938816417676254},{56.28009005973441,26.960746070897507}}"
"{{52.855851102328366,15.710509516842443},{51.05519372712806,21.51085940356562}}"
"{{69.2716703485072,2.7024604627874154},{66.82669496383025,5.625445278221257}}"
"{{64.27324678134772,-7.64658641792571},{63.4799308694408,-1.4065097456290656}}"
"{{56.932981488511956,-32.16792236685197},{52.45635577753805,-32.34366651033353}}"
"{{56.0830986736996,68.24707031250001},{56.769804074372686,69.24682617187501},{57.41537488294235,69.43359375000001},{58.07787461894016,69.77416992187501},{58.99542363180779,70.98266601562501},{59.45626238193489,72.02636718750001}}"
"{{64.73687705887849,-71.98268198742856},{66.30228815675686,-67.10465225668682}}"
"{{58.81396597940317,-54.97603613208788},{62.32946484632446,-52.031159961082444}}"
"{{62.38025737394513,-51.96520197503573},{63.8987665419744,-47.70265672739834},{64.62398856497205,-42.89107519458788}}"
"{{66.07165408511875,-50.3175078665522},{64.64280583316958,-42.86850227888739}}"
"{{64.60504217513268,-42.86860732429122},{66.18725921097726,-39.17702599861816},{67.52551006524651,-37.28735755246981},{69.1861647047218,-36.145029535574174}}"
"{{71.43548783323018,-37.12035800319735},{69.81031392318368,-35.93410468245007},{69.131201803763,-36.12299185121703}}"
"{{73.1250096786734,-39.28722442472801},{71.43426407015029,-37.046248588846126}}"
"{{70.61988705749964,-74.02581387814287},{66.33720517749845,-67.10484233884613}}"
"{{56.36492628653377,-32.69493233568136},{64.56734225880136,-3.251953125}}"
"{{22.877539125703272,-18.72084318553845},{27.13717776777384,-9.403676606901158}}"
"{{79.24334742814229,8.393507192121252},{78.8869924412269,10.920324664568268},{78.8488171046194,13.095674627772745},{78.85094396368743,15.479720043995158},{78.67279499128941,17.30368867601454},{78.32668848887756,18.97381681665935},{77.95701708672225,19.9511773030433}}"
"{{79.24537563646572,8.371614599509691},{79.79284898737724,6.196329772824633},{80.19368365842269,5.603011059620156},{80.82388616734492,6.284179687500001},{81.24144767778822,7.975133825991738},{81.44666604082784,10.89848092434628}}"
"{{63.28745193193011,68.18435354801728},{64.3544122984451,64.71224504509786},{70.61304082355595,55.59076603206718}}"
"{{60.087123227438134,-19.819402364666473},{59.27763323445365,-18.0607547802881},{58.45939675125252,-13.601245031463757},{58.04371697560323,-8.99830227699379}}"
"{{58.055056880373485,-9.096489895595829},{56.68044438059185,5.2736842294754105}}"
"{{56.692450456465906,5.251398416583553},{55.515008467761675,18.67228899595727}}"
"{{55.504395788572076,18.676771382608198},{54.30960758129482,31.13753777120232}}"
"{{54.31055011084301,31.157238775597378},{52.90229039547672,44.70337049763584}}"
"{{52.90885360916541,44.692385526521655},{51.39894508233813,58.40351029401493},{51.38966377035703,58.38565618134718}}"
"{{51.399209930408844,58.41416822552127},{50.833691176695446,63.84152016611533},{50.394504432495864,68.00535616663099},{49.481637570112504,69.90788329171612},{49.131411778121866,71.59799266736083}}"
"{{49.13777356070123,71.59998680263254},{49.13859653703879,74.5751410320672},{50.3728840502004,77.53333677597585},{51.69940896858917,78.25852399494002}}"
"{{66.8308716353947,-31.706514499964374},{62.6539781117924,-24.74128685426168},{61.05833201136396,-22.28031139588084},{60.101705017989396,-19.75828010203811}}"
"{{80.74647427338965,-7.602539062500001},{81.10850918920848,-8.206787109375002},{81.41392816158097,-7.888183593750001},{81.69783589429734,-6.899414062500001},{81.8596387031854,-5.306396484375001},{81.94783530086549,-3.7463378906250004}}"
"{{70.8302384078323,-77.04711914062501},{71.14147862262212,-79.22241210937501},{71.50394838982447,-81.243896484375},{71.91730832896421,-82.32055664062501},{72.23185595876191,-82.84790039062501},{72.53473209077744,-84.49584960937501},{72.58720552981322,-86.14379882812501}}"
"{{47.86469445518909,25.224609375000004},{49.45380813215281,25.11474609375},{51.233690749945104,25.004882812500004},{52.7828877273169,24.49951171875},{54.027228697031745,23.697509765625004},{55.316646593436204,22.719726562500004},{55.826025804506926,22.302246093750004}}"
"{{78.5021006501491,21.917724609375004},{77.65766324736991,31.025390625000004}}"
"{{35.746507197977515,-77.67333984375001},{33.39475401138753,-69.60937500000001}}"
"{{81.65332917928679,-90.74707031250001},{81.62455282705426,-89.37377929687501},{81.57640364209625,-83.07861328125001},{81.58445272029178,-80.22216796875001},{81.59890706156185,-74.28955078125001}}"
"{{73.14727863110798,6.152343750000001},{72.57096499566711,7.569580078125001},{71.88696993848122,8.140869140625002},{71.14515541302717,7.899169921875001}}"
"{{40.40461539772975,28.652343750000004},{44.20639609238391,31.640625000000004},{47.42207009944296,34.54101562500001},{49.29119186797779,36.29882812500001},{54.44116230529871,39.33105468750001},{62.14425332928453,39.94628906250001},{62.50217743961992,36.89208984375001}}"
"{{38.13435053627421,-48.955078125},{35.99570464972367,-10.546875000000002}}"
"{{82.47748775634697,-34.14550781250001},{82.58604196696045,-24.9609375}}"
"{{75.56286243831359,18.940429687500004},{75.66116841145255,17.336425781250004},{75.59843768528367,15.644531250000002},{75.45285984508068,14.403076171875002},{75.37283025300377,14.029541015625002}}"
"{{70.40366328957575,25.894775390625004},{72.21890994883987,20.313720703125004}}"
"{{28.89055365479039,-7.899169921875001},{30.505470464911383,-7.174072265625001},{31.75622277367118,-5.965576171875},{32.18493744306942,-4.877929687500001}}"
"{{61.856168196534774,-7.734337041619163},{61.81467684609949,-0.43903558281081617}}"
"{{55.45175555175665,35.33203125000001},{56.231135036660596,16.501464843750004}}"
"{{72.48847528941508,-19.995041270738326},{71.70517430210833,-12.436105895310819}}"
"{{74.55502821644329,-10.239210364523952},{73.4096175087248,-4.0430826251425165}}"
"{{54.10657851013273,-2.2496066607470238},{61.77340817984855,-0.43968087528501126}}"
"{{65.05358724948557,0.3086420637825605},{61.72112243439256,-0.4613973124643711}}"
"{{70.02814864418944,-1.7797282186787426},{68.30190706446894,-1.933546302023952},{66.83511816061511,-0.3955173020952097},{65.03505754328364,0.3295423957739719}}"
"{{66.89557678133025,-79.32090947869166},{64.77412239135177,-80.59549435390542},{62.51231477434344,-80.19998654140542},{60.71619444048273,-77.60738391661917},{59.26583858801017,-72.55439418835505}}"
"{{66.82647711318333,-85.93513451051169},{66.93868627782392,-79.34327120834521}}"
"{{63.869714622204846,-86.59433317720212},{66.93009517941631,-79.32134125527365}}"
"{{57.795017594157116,-80.2259103298035},{59.265880628258095,-72.50995541690419}}"
"{{48.89362437542717,8.041887801952715},{53.23238197300895,5.647219385725411}}"
"{{71.34294768246764,41.92391353135687},{70.58336282993353,55.19523658323833}}"
"{{72.3023519445835,22.28034935426168},{71.34299373496341,42.01177568757126}}"
"{{72.30910006491857,22.32430415635687},{72.69883473268987,12.920149625285031}}"
"{{72.71190514522266,13.029955968963774},{73.07304717122705,8.987875780372105},{74.08596284914638,5.998383322726647},{75.08436081064072,2.856616125213774}}"
"{{53.994884189471826,-50.383357718821266},{57.350355824812965,-46.09891750035625}}"
"{{57.51580813887029,-47.70259876036916},{56.607832645296575,-37.44227929275921}}"
"{{56.607817553936535,-37.616978728905416},{54.55932854996625,-10.063438604119163}}"
"{{51.204508301493796,-17.368645414613308},{54.59777010030915,-11.338934480472961}}"
"{{50.104808185382744,-6.1170615450695065},{54.495702883499234,-9.0305434580602}}"
"{{54.58480071621373,-10.107478812571259},{54.072290700302055,-2.2521545624465666}}"
"{{53.22576433186945,5.625066427166448},{54.059395933820134,-2.241248895880839}}"
"{{53.21254855958445,5.625071171964082},{52.62298827310125,11.184067796857178},{52.66297347827701,13.963547130113323},{53.722708562634715,18.763737436359957}}"
"{{48.4854464193201,14.656536405015858},{53.72272478720069,18.72074108338084}}"
"{{49.83798245308484,21.269597677166452},{53.696787648221886,18.721177604760445}}"
"{{63.06195323887658,-38.71582031250001},{65.49018285364691,-43.35205078125001}}"
"{{53.99285571844335,88.70361328125},{53.45971444549675,85.86914062500001},{53.47279839484279,83.40820312500001},{53.51416226905342,78.72802734375001},{53.60556260232483,74.22363281250001}}"
"{{48.60104480383648,47.04345703125001},{53.06758167130554,44.86816406250001}}"
"{{81.94630498693095,-3.7573242187500004},{81.94169132833116,-1.7138671875000002},{81.81442935827837,0.38452148437500006},{81.5699727749392,1.7578125000000002}}"
"{{70.88063690591311,8.850322051438463},{72.66614592901372,13.227198920490643}}"
"{{61.856067957823754,-92.20839618887868},{59.153401228063984,-94.9221017613396}}"
"{{60.737455333519044,-72.02038622552311},{57.14815761435489,-69.93897429213915}}"
"{{65.05354168908224,-49.316041640557785},{61.840596693847964,-48.021188268234695}}"
"{{61.428193338291656,-9.177800475851912},{57.967328404894104,-7.811293469458727}}"
"{{60.261594670725586,4.506515760436743},{56.69847225473752,5.526118322680446}}"
"{{59.113948760108755,18.006558727512992},{55.52858672550517,18.72050470882787}}"
"{{55.028025089686565,71.43315271069575},{49.181652467361175,71.63085937500001}}"
"{{55.75182571788647,57.73356751608114},{51.330609690740935,59.403061999291296}}"
"{{56.99276681403924,44.93494626321887},{52.9882828562322,45.571137888273626}}"
"{{58.12423349152551,31.713095130986616},{54.29084102851436,32.51932338543872}}"
"{{69.25610986764484,-33.582637626192906},{67.18697128866725,-30.938038558181493}}"
"{{77.73025652843813,-15.23453892528894},{77.12778381427846,-8.118459578373223}}"
"{{73.94665587471879,-19.846812576067634},{75.20814872616657,-15.937361576836164},{75.8880145193928,-13.78496720647277},{76.50651011930672,-10.66619169023194},{77.10823106578472,-8.1738092282217}}"
"{{60.60854176060907,60.33680068183019},{62.754743520817065,68.29031644420299}}"
"{{60.95163711254905,-49.86034610364805},{61.980265313281876,-39.419039796391495}}"
"{{55.85042423026807,-43.23404764692532},{61.44930008936155,-38.82590090670044}}"
"{{74.49639160026324,-62.85559188461872},{72.48849104077185,-66.57662877609681}}"
"{{72.62675918723131,-53.40496256689862},{72.63987655036932,-47.3211539894429},{72.42220780872434,-44.334157720367195},{72.1986060322082,-41.31957535393043},{72.25561509398406,-39.341989049484695},{72.5149330546444,-37.88105779117214}}"
"{{72.4686578152487,-67.63184538588915},{72.60712257364021,-61.215810864110864},{72.620254770988,-53.37238514432769}}"
"{{66.98165311448959,-79.32118513021936},{69.85475397500929,-77.10189960702363},{71.55256284167821,-75.12109642171092},{72.45541935234694,-71.4772775425896},{72.4752766236901,-67.63273353446917}}"
"{{77.59412761266901,-16.127958032667458},{78.40253540559976,-11.975229933698097},{79.06764460273925,-8.437603932280643},{79.60028062378713,-6.811532885889152},{80.19743411720538,-5.515250099419793},{80.60049798105271,-3.515691138724038},{80.65417301950363,-0.9672220525117182}}"
"{{42.97189968448137,-69.94233349011995},{45.27436090563139,-64.75901643495912},{51.8082975051678,-60.673859772840856},{58.81374117786325,-54.97552924716512}}"
"{{73.08662666696782,-39.13254491011808},{74.25973724386576,-30.4317982126298},{74.90798887357973,-25.532226562500004},{75.29214269506788,-23.59782025103319},{75.89344844066127,-21.88490735083723}}"
"{{75.88272624463242,-21.92845583099298},{77.2326444326796,-17.764859508762974},{77.61299783471301,-16.062276273646173}}"
"{{79.99714594138217,3.521194891226163},{80.27566892837783,3.0160411104265976},{80.5103505703449,1.873954301662333},{80.65416787499488,0.1388608806551073},{80.65417580259734,-1.032573117912774}}"
"{{61.95959874880733,-39.46338194123577},{67.03315914257509,-46.88987519883959},{68.62454404201834,-49.218806690334894},{70.06558465579644,-49.0431010274481},{71.10254543351316,-49.201204209704635}}"
"{{72.38240949682422,-56.86507375238448},{72.26231192268452,-53.8544986009034},{71.6636611342427,-51.13040888730662},{71.1096533152415,-49.241147833761715}}"
"{{68.91878909456271,-62.19545790981465},{69.86988674056741,-63.23744641333723},{70.80129860505969,-62.87631735350102},{71.83565032518175,-61.404782426824035},{72.3357706970609,-59.6696890058168},{72.39238244752586,-56.832242321262974}}"
"{{63.85035314926475,-8.745315603672134},{64.11059428296646,-10.964620023646171},{64.90490322096802,-12.414664161919795},{65.48562521913449,-12.590369824806604}}"
"{{65.51295329723315,-12.612229100386815},{66.6616780574878,-12.19453131868638},{67.25505852722308,-10.832094353738283},{67.3652417787181,-8.986636886856171}}"
"{{67.37369737497292,-8.92062443421468},{67.22955595277458,-7.074892964047227},{66.76591871571448,-5.514881612242982},{66.22259686074133,-4.328613281250001},{65.54936647315843,-0.10993886836318859}}"
"{{65.54936840777026,-0.08765441527126329},{64.03374164790473,4.570425880669773},{62.59332839947635,8.459104169073191}}"
"{{62.60851345102988,8.42671681224169},{61.538422130822255,10.954073045616617},{60.5653892237188,13.228039827124888},{59.62334662648696,15.381312897679171}}"
"{{55.850504109584456,22.265637521247015},{57.326415247991584,20.288948813770453},{58.39011886286969,18.290296898433},{59.65664251576761,15.303931457152144}}"
"{{69.20160415378263,38.408089744330226},{71.25141899217343,43.13222028646938}}"
"{{68.50397122613255,50.937894178662525},{70.64178302390015,53.76700480824764}}"
"{{74.3251529072094,-73.31037172644739},{74.57258309103499,-68.33535776984428},{74.4964100629645,-62.97400129967682}}"
"{{75.09563352999949,-39.08925153646937},{74.51402716211571,-36.430493991495325},{73.66485194115333,-35.63014040245058},{73.0161752559426,-36.23286291430425},{72.51484160699385,-37.91431401997908}}"
"{{59.26596470859827,-72.5971058534779},{58.608505055974035,-64.94619932711065},{57.49225787526008,-47.7253685426167}}"
"{{67.16984595860791,63.202774760609806},{67.60912386815698,65.55283800172089},{68.35862291140761,66.67296160262427},{69.15864869416211,66.76402939629477},{69.64944781368654,66.26960683711322}}"
"{{70.58342166663098,55.11862551607544},{70.32613865367034,58.56822861504478},{70.55414707100512,60.67659012748942},{70.55783477369333,62.92991898553415},{70.27799610721733,65.05012441523822},{69.6417970324053,66.30236740531608}}"
"{{69.61114554986082,-11.130220568515288},{70.42940122994804,-9.285311108203796},{70.73619892685038,-7.308622400727212},{70.56876807270153,-4.05806763732127},{70.04309477593152,-1.8021357480659628},{70.03554829404546,-1.7958572276536302}}"
"{{70.25198246833729,19.10691336111625},{72.34247384221898,21.22545366005193}}"
"{{53.822363124434204,-38.45214843750001},{54.66992146817188,-37.17773437500001},{55.2407324204523,-36.45263671875001},{56.071466301897736,-35.40893554687501},{57.02848703703625,-34.74975585937501},{57.82143641300535,-34.77172851562501}}"
"{{71.18358223103279,-89.52758789062501},{71.67401999226534,-89.46166992187501},{71.98880248473024,-89.110107421875},{72.21508027905305,-88.516845703125},{72.38214946656406,-87.813720703125},{72.54440238844661,-86.77001953125001},{72.57753953445491,-86.23168945312501}}"
"{{72.12117169963422,-47.58178710937501},{72.23231369528095,-42.48413085937501}}"
"{{16.672192998388923,24.301757812500004},{24.52350900324177,24.78515625},{35.60343983489427,25.444335937500004},{40.38839924911818,28.641357421875004}}"
"{{74.73909363449141,41.74804687500001},{72.29927216342018,49.04296875000001}}"
"{{33.642901061137856,30.849609375000004},{33.27617323730103,39.11132812500001},{31.503565494084004,45.615234375},{26.115941124068282,55.89843750000001}}"
"{{56.16467529885719,-98.30566406250001},{59.01811371058028,-93.69140625}}"
"{{73.75660922780905,12.491455078125002},{74.26511950693212,12.128906250000002},{74.63337514281191,12.271728515625002},{75.02448414374886,12.810058593750002},{75.37564293375392,13.996582031250002}}"
"{{67.58869923979412,35.15625000000001},{68.4718995118876,31.442871093750004},{70.40010690647975,25.905761718750004}}"
"{{56.36570441494831,-0.670166015625},{56.837536048990366,0.6042480468750001},{57.16670517436114,1.6589355468750002},{57.321300314797966,3.4167480468750004},{57.17862013454575,5.141601562500001}}"
"{{53.832823066318994,-2.4279785156250004},{54.57838631902937,-2.4389648437500004},{55.28552866392608,-2.0764160156250004},{55.900283080630125,-1.4941406250000002},{56.35310525953056,-0.6921386718750001}}"
"{{25.242622771550298,-12.908935546875002},{27.80862034987645,-11.09619140625},{34.261759101785145,-10.579833984375002},{35.978091982837945,-10.491943359375002}}"
"{{73.1249307632253,-63.94042968750001},{72.64651933619893,-60.90820312500001},{71.67751422509915,-59.98535156250001},{71.31485668063266,-58.93066406250001}}"
"{{67.92514985381047,-49.13085937500001},{70.52345409367885,-56.68945312500001},{71.28676296760258,-58.84277343750001}}"
"{{65.4856338445564,-43.35205078125001},{67.15290789471071,-47.1533203125},{67.925145165925,-49.13085937500001}}"
"{{54.38924871674818,57.08496093750001},{55.45394840295063,35.39794921875001}}"
"{{60.88543629720599,92.4169921875},{59.509269963961394,92.94433593750001},{57.75106433328402,92.801513671875},{55.91842286631338,91.37329101562501},{54.59114834045428,89.81323242187501},{54.00127703904045,88.7255859375}}"
"{{65.52203992609807,52.55859375000001},{65.93742918377139,49.44946289062501},{66.38157600279985,45.032958984375}}"
"{{28.937998983693,2.0214843750000004},{30.33252342500528,1.56005859375},{31.250394145831734,0.8569335937500001},{32.166365752843284,-0.39550781250000006}}"
"{{10.94098359285804,5.822753906250001},{14.200464202011071,3.5375976562500004},{15.623060857484841,0.5932617187500001},{16.675724029977356,-3.0541992187500004},{16.991280131099355,-4.086914062500001}}"
"{{22.77598598496852,-7.602539062500001},{21.47294874098043,-7.514648437500001},{19.00989840456861,-6.5478515625}}"
"{{49.77956856757131,1.9335937500000002},{50.40001656084658,0.43945312500000006},{50.887828469213495,-0.24169921875000003},{53.12694379665002,-2.0434570312500004},{53.85252660044951,-2.4279785156250004}}"
"{{41.40219755465264,19.16015625},{44.816919942064054,16.171875000000004},{48.23929029762182,11.458740234375002},{49.05336773480005,9.986572265625002},{49.080982704385505,9.206542968750002}}"
"{{42.582312401791256,-15.820312500000002},{44.008624601225456,-19.907226562500004}}"
"{{60.95089858838146,6.5478515625},{62.875387431226564,7.470703125000001}}"
"{{71.91167796625413,30.278320312500004},{70.51005340556326,25.8837890625}}"
"{{76.29994459606269,51.94335937500001},{76.33113067508685,59.54589843750001}}"
"{{69.23278250377193,-14.326171875000002},{69.51916003074643,-8.349609375000002}}"
"{{78.02478944068238,19.775390625},{77.5799215842761,13.16162109375}}"
"{{73.19226241059934,29.465332031250004},{73.84317504366598,21.983642578125004}}"
"{{76.24782252504502,-32.16796875000001},{77.2156947592179,-27.773437500000004}}"
"{{43.049967203519486,21.90673828125},{41.393275573331486,19.204101562500004}}"
"{{79.66357599302911,-17.534179687500004},{80.0277759387183,-20.214843750000004},{80.1638678546802,-23.071289062500004},{80.17887520248995,-26.059570312500004},{80.12625007271663,-27.114257812500004}}"
"{{57.830340335077885,-34.79370117187501},{60.78429492456065,-36.95800781250001},{63.04012238519827,-38.67187500000001}}"
"{{67.87550846146414,-68.46679687500001},{68.36509953212916,-61.30371093750001},{68.30017966132087,-56.07421875000001},{67.80734107974996,-49.74609375000001},{66.9990582533489,-43.68164062500001},{66.21372935341097,-40.20996093750001}}"
"{{54.64284761201523,-9.316406250000002},{65.08140258299441,-37.08984375000001},{66.2048883014146,-40.18798828125001}}"
"{{72.11380892217882,-69.96093750000001},{72.76726524514919,-68.43383789062501},{73.10255684276116,-65.52246093750001},{73.12492895273675,-63.91845703125001}}"
"{{70.02754400176536,-65.26977539062501},{71.01706322557199,-58.08471679687501}}"
"{{67.7539302220847,-59.19433593750001},{71.01371037315616,-58.10668945312501}}"
"{{64.56027914526811,-50.75683593750001},{65.4034447883078,-43.22021484375}}"
"{{65.50904838354586,52.55859375000001},{67.90571513576371,54.1845703125},{70.56893610849178,57.8759765625}}"
"{{59.23072612911851,-64.55566406250001},{60.68400747762525,-60.79833984375001}}"
"{{26.02841150988463,-88.76953125},{35.317417220114336,-76.75048828125001}}"
"{{35.29958309671476,-76.75048828125001},{42.924699319353806,-65.45654296875001}}"
"{{64.39503491599781,18.632812500000004},{62.77490573841452,18.149414062500004},{62.61101439484547,20.654296875000004},{56.89527349834652,19.643554687500004},{55.961490495148034,18.566894531250004}}"
"{{81.83029346617582,15.512695312500002},{80.444800073132,21.928710937500004}}"
"{{63.01509437817545,-38.49609375000001},{65.28821187168265,-27.861328125},{66.59189351012941,-19.138183593750004},{67.08448977293267,-13.601074218750002},{67.32294111187727,-7.294921875000001}}"
"{{67.30615861947935,-7.119140625},{67.20406134135506,0.5273437500000001},{65.5494183183872,19.599609375000004}}"
"{{62.51227187918269,36.87011718750001},{65.54027300149201,19.610595703125}}"
"{{50.42960535488531,-62.88574218750001},{54.47000861719122,-57.74414062500001},{57.25345879456107,-53.5693359375},{61.206233283897966,-44.47265625000001},{63.00513661027781,-38.60595703125}}"
"{{53.089919020442665,44.82421875000001},{57.584098230318446,51.94335937500001},{59.77560229553354,55.72265625},{63.80200916237338,60.73242187500001}}"
"{{47.84256972158601,25.2685546875},{48.166014701366834,32.08007812500001},{49.3823321841823,37.04589843750001},{53.08083111851412,44.80224609375001}}"
"{{54.50637108227822,-8.657226562500002},{51.819329925786775,-2.2631835937500004},{50.21708325843686,1.7358398437500002},{48.65941753756286,7.097167968750001},{47.721704086871256,11.997070312500002},{47.487538296560444,16.347656250000004},{47.84266600021277,25.235595703125004}}"
"{{66.19590822144714,-39.94628906250001},{67.98808369804499,-37.17773437500001},{69.26920525075326,-34.32128906250001},{69.62414765193492,-33.31054687500001}}"
"{{72.26094187443427,-42.5390625},{70.63980050142325,-37.13378906250001},{69.92805704357293,-34.67285156250001},{69.61884515021768,-33.29956054687501}}"
"{{72.26229387287411,-42.5390625},{73.08983254976043,-45.13183593750001}}"
"{{65.56297417687433,19.687500000000004},{66.99025646736109,21.29150390625},{68.64456745415147,23.2470703125}}"
"{{68.64843268329771,23.236083984375004},{69.9488406884723,23.796386718750004},{71.51784396932655,23.785400390625004},{73.81255637977833,22.016601562500004}}"
"{{73.87362992749965,21.928710937500004},{75.76955358606713,18.8525390625},{77.1179511640063,15.161132812500002},{77.71159036383129,12.348632812500002}}"
"{{69.57175105798152,-8.261718750000002},{68.69505916624648,-7.712402343750001},{67.32279924243464,-7.141113281250001}}"
"{{69.58817594922431,-8.283691406250002},{71.27143525230083,-9.909667968750002},{72.34832999526725,-11.31591796875}}"
"{{74.57247289741757,-16.479492187500004},{74.01927029318391,-14.831542968750002},{73.27052696749129,-12.94189453125},{72.36234419194373,-11.337890625}}"
"{{77.22109402146646,-27.465820312500004},{76.26905143477356,-23.312988281250004},{75.10697483920346,-18.676757812500004},{74.53154877729416,-16.369628906250004}}"
"{{78.87428076037654,-35.55175781250001},{78.82969734107157,-33.54125976562501},{78.55396504786641,-31.354980468750004},{78.1503255808885,-30.333251953125004},{77.79316333430603,-29.860839843750004},{77.22283626397326,-27.498779296875004}}"
"{{77.99556749941767,-39.81445312500001},{78.30471233590998,-39.39697265625001},{78.55596249810958,-38.70483398437501},{78.71619655612979,-37.74902343750001},{78.83385296494673,-36.60644531250001},{78.87428918480734,-35.54077148437501}}"
"{{70.579732819789,57.88696289062501},{71.3811629495614,59.00756835937501},{72.25205686872862,60.28198242187501},{72.83872455756469,61.17187500000001},{73.23626612884149,61.38061523437501}}"
"{{73.22348299974455,61.38061523437501},{74.0194840720644,61.72119140625001},{74.94532935928989,61.25976562500001},{75.23654516842392,61.11694335937501},{76.13030304415312,60.19409179687501},{76.43951220518016,59.60083007812501}}"
"{{76.43973521645975,59.60083007812501},{76.93551822773436,58.26049804687501},{77.66474696470259,55.23925781250001},{78.24020670448387,52.77832031250001},{78.59511666614637,52.47070312500001},{78.88276458032128,51.767578125}}"
"{{60.69012204178202,-60.77636718750001},{62.751013850599705,-65.69824218750001},{66.24682685885828,-67.89550781250001},{67.87155954320929,-68.49975585937501}}"
"{{46.45041453743979,-72.86132812500001},{49.28206285711826,-64.05029296875001}}"
"{{51.53037462427854,-47.19726562500001},{46.46802130317884,-34.49707031250001}}"
"{{78.77633328528906,42.91259765625},{79.03425141007536,43.86840820312501},{79.1774635042657,45.15380859375001},{79.26177906426808,46.43920898437501},{79.26178080738057,48.26293945312501},{79.17133932780455,49.73510742187501},{79.04471230243755,50.86669921875001},{78.88910642626006,51.7236328125}}"
"{{78.77636242006288,42.92358398437501},{78.48178433727429,42.36328125000001},{78.22864898597095,42.30834960937501},{78.0228818049401,42.48413085937501},{77.84831928841226,42.76977539062501}}"
"{{43.99159177890608,-20.039062500000004},{45.00273389349258,-19.742431640625004},{46.91990387155043,-18.643798828125004},{48.51670969823193,-16.842041015625004},{48.99463802964702,-16.281738281250004}}"
"{{44.00872777476423,-20.039062500000004},{41.631319664460165,-20.533447265625},{39.51137663642887,-19.92919921875},{38.72699895509148,-19.324951171875004},{37.42075018850346,-17.896728515625004},{36.684038143522194,-16.896972656250004}}"
"{{36.70372460197094,-16.907958984375004},{34.87532203367553,-13.798828125000002},{32.16631823655633,-9.613037109375002},{30.82680232784821,-7.547607421875001}}"
"{{28.04155437545336,-0.5163574218750001},{28.254728319395568,-2.2631835937500004},{28.506112551614542,-3.5375976562500004},{29.982716898209247,-6.448974609375001},{30.817448026022564,-7.547607421875001}}"
"{{47.77801029802698,-45.3515625},{49.60579537019001,-44.20898437500001},{50.480893805671506,-43.76953125},{53.80069502831853,-38.47412109375001}}"
"{{29.295991437189514,7.833251953125001},{28.37605011029911,4.570312500000001},{27.994437207556487,1.6259765625},{28.023530330057458,-0.5163574218750001}}"
"{{73.0930142680809,-45.13183593750001},{73.7512027731237,-47.37304687500001},{74.17307693616264,-47.92236328125001},{74.81908771504959,-48.62548828125001},{75.21103368838561,-50.240478515625}}"
"{{63.85684830176492,60.77636718750001},{70.24373926532066,70.00488281250001},{72.07361969763198,73.56445312500001},{73.36565019506003,76.72851562500001},{75.7158548362616,84.94628906250001}}"
"{{4.897836887512404,22.1923828125},{16.62568604458677,24.290771484375004}}"
"{{42.81171390989974,-129.59472656250003},{38.09978632513871,-48.955078125}}"
"{{49.02344101392251,-16.259765625000004},{54.59767960402858,-9.140625000000002}}"
"{{67.8755554404004,-68.53271484375001},{66.9300553706968,-76.06933593750001},{64.94219219666384,-82.7490234375}}"
"{{72.22135343439483,20.313720703125004},{72.90619454673957,17.940673828125004},{73.02209894454997,15.996093750000002},{73.2927431284581,14.007568359375},{73.64605807156217,12.766113281250002},{73.75121586170197,12.502441406250002}}"
"{{64.93292012013538,-82.77099609375},{64.0099719001796,-84.869384765625},{59.01779425846747,-93.69140625}}"
"{{32.202241391526066,-4.888916015625001},{32.61973025739439,-3.2629394531250004},{32.61047373271832,-1.702880859375},{32.175604559923805,-0.38452148437500006}}"
"{{56.678599082382874,5.449218750000001},{56.21699501201272,16.479492187500004}}"
"{{53.603360678076676,74.20166015625001},{54.18616652236457,61.30371093750001},{54.393403061183236,57.12890625000001}}"
"{{66.38553126102569,45.010986328125},{66.95131470202122,39.517822265625},{67.36087301333914,36.10107421875001},{67.58831402635852,35.17822265625001}}"
"{{65.53118647408705,52.55859375000001},{64.80987695539574,57.50244140625001},{63.96630236010545,60.75439453125001}}"
"{{6.94457967701473,13.040771484375002},{7.685774387862256,9.689941406250002},{9.142468803570923,7.987060546875001},{10.085112076149864,6.427001953125},{10.895537255419834,5.866699218750001}}"
"{{19.039479863964257,-6.569824218750001},{17.705696275381147,-5.350341796875001},{17.307440418574657,-4.94384765625},{17.004226000744328,-4.086914062500001}}"
"{{28.883307058505878,-7.866210937500001},{26.568965800417047,-7.954101562500001},{22.796157583685,-7.602539062500001}}"
"{{49.073861815571725,9.184570312500002},{49.30284273277917,5.822753906250001},{49.488801109252655,3.021240234375},{49.78131238483193,1.9335937500000002}}"
"{{70.04941741860576,-81.29882812500001},{70.8265895528032,-77.08007812500001}}"
"{{35.45659056364341,-8.569335937500002},{30.80751427586626,-7.250976562500001}}"
"{{56.1176322396797,16.787109375000004},{55.71477319684454,22.302246093750004}}"
"{{69.82472460171935,37.48535156250001},{67.59663514117108,35.23315429687501}}"
"{{66.82656199853326,64.81933593750001},{65.0535359422373,70.02685546875001}}"
"{{79.96623099648606,9.755859375000002},{79.81230005927407,1.3842773437500002}}"
"{{73.86150426685981,21.994628906250004},{75.90793389247249,25.642089843750004}}"
"{{68.56040192439849,23.203125000000004},{70.19297032927987,30.629882812500004}}"
"{{66.36326449365936,27.773437500000004},{68.16324215403071,29.750976562500004},{70.20017576508451,30.761718750000004}}"
"{{73.57198075331753,-22.016601562500004},{74.68332279091119,-17.226562500000004}}"
"{{41.393420617954355,19.193115234375004},{40.18755021777426,20.753173828125004},{38.32441308760131,24.180908203125},{39.50399739506707,27.993164062500004}}"
"{{77.95191394798404,-34.27734375000001},{78.6988419283106,-33.83789062500001},{79.31886310147057,-32.78320312500001},{79.90324740684929,-29.959716796875004},{80.12235208078961,-27.103271484375}}"
"{{73.56201550148539,-31.904296875000004},{75.85329858982051,-30.014648437500004},{77.40873521215256,-33.61816406250001},{77.9340604118955,-34.27734375000001}}"
"{{35.209749403538474,3.2958984375000004},{35.995771642930706,-10.502929687500002}}"
"{{61.276156191588086,-40.89111328125001},{62.294379724018626,-40.73730468750001},{64.3555841223695,-38.60595703125},{65.29968179409855,-36.56250000000001},{65.76394128855516,-36.38671875000001}}"
"{{55.615772181924726,-28.103027343750004},{55.60335081360425,-31.816406250000004},{56.253152984232194,-35.35400390625001},{57.09833810910679,-37.52929687500001},{58.16894924911227,-39.37500000000001},{59.865684001054596,-40.40771484375001},{61.2649679387637,-40.89111328125001}}"
"{{57.13293597711325,-14.106445312500002},{57.37072357684794,-22.1923828125},{56.82151304857675,-23.906250000000004},{56.092860959465646,-26.103515625000004},{55.61556436949831,-28.125000000000004}}"
"{{29.605987343205005,-49.74609375000001},{37.99645757999319,-48.91113281250001}}"
"{{69.70290050122303,-32.49755859375001},{71.38511222126179,-39.92431640625001},{71.99938486252776,-46.31835937500001},{71.88358993748052,-47.83447265625001},{71.80141419708929,-49.76806640625001},{71.88357636195043,-51.52587890625001},{72.2221256453741,-52.88818359375001},{72.65960519889393,-53.94287109375001}}"
"{{52.15850322922153,-72.20214843750001},{49.325044755797684,-64.09423828125001}}"
"{{81.89537184732431,-101.86523437500001},{81.68832631792665,-92.98828125},{81.65330473441313,-90.76904296875001}}"
"{{52.71632904700391,6.514892578125001},{52.800744100486256,10.656738281250002},{52.86713431797996,12.7001953125},{53.21072972841662,15.051269531250002},{53.5859892080573,17.072753906250004},{54.233135115617095,19.138183593750004},{54.97630002991252,20.895996093750004},{55.652981015990996,22.137451171875004}}"
"{{60.259606075216595,-48.73535156250001},{61.500145154129605,-49.8779296875},{63.09369161090686,-50.71289062500001},{65.05337810865268,-51.37207031250001},{66.36394715015696,-51.70166015625001}}"
"{{68.31665512668047,-42.78076171875001},{66.53948752810395,-35.44189453125001}}"
"{{63.88591621187772,-49.68017578125001},{60.98373361805589,-46.14257812500001}}"
"{{66.52208787382693,-35.41992187500001},{69.7029113187828,-32.45361328125001}}"
"{{79.3013185987428,-103.79882812500001},{81.89228320354404,-101.86523437500001}}"
"{{53.0213903371326,-4.592285156250001},{52.75624512694168,5.328369140625001},{52.71637438399856,6.525878906250001}}"
"{{71.28788749769376,-52.09716796875001},{70.18603721278731,-52.36083984375},{68.64045054697276,-52.20703125000001},{66.37714402257706,-51.70166015625001}}"
"{{49.095272468944096,10.063476562500002},{49.66765204257973,15.864257812500002}}"
"{{54.3909410092199,10.239257812500002},{49.69606988771634,15.908203125000002}}"
"{{63.371837857546815,79.32128906250001},{53.69664739325219,74.04785156250001}}"
"{{60.99239679768526,59.80957031250001},{54.49483583323882,57.12890625000001}}"
"{{71.53795298905861,-20.126953125000004},{73.57195253144167,-31.860351562500004}}"
"{{76.6502091754566,-16.523437500000004},{71.53882990638355,-20.148925781250004}}"
"{{73.59075548295479,-31.860351562500004},{65.80127319808317,-36.34277343750001}}"
"{{63.736875795093596,9.931640625000002},{56.36527777370077,16.215820312500004}}"
"{{61.64493391095449,39.68261718750001},{55.6271438298529,35.11230468750001}}"
"{{57.136239319177434,-14.128417968750002},{56.668312357047014,5.405273437500001}}"
"{{56.68060675642759,5.537109375000001},{35.31553423635643,3.2958984375000004}}"
"{{66.6181119839934,-127.08984375000001},{66.12493207266562,-111.26953125000001}}"
"{{65.72684755614921,-98.12988281250001},{66.11616600549158,-111.22558593750001}}"
"{{70.75047627735324,-101.11816406250001},{65.73868757403913,-98.06396484375001}}"
"{{65.58410619950573,-81.14501953125001},{70.33358583494395,-80.2880859375}}"
"{{64.90284934955494,-61.80908203125001},{69.69524677566517,-56.79931640625001}}"
"{{78.55998110773949,25.971679687500004},{80.334920183286,29.487304687500004},{81.47311243451021,30.849609375000004}}"
"{{73.60060518183028,19.248046875000004},{74.27165193663508,19.4677734375},{78.53448984889044,25.927734375000004}}"
"{{73.64016434518668,31.728515625000004},{73.58438323012369,19.31396484375}}"
"{{56.267522109652305,16.501464843750004},{62.82914286412335,16.962890625000004},{73.57194194822608,19.270019531250004}}"
"{{78.84456597873972,-11.337890625},{79.17958765778235,-16.127929687500004},{79.29341804874214,-26.718750000000004}}"
"{{79.29856373236532,-26.696777343750004},{80.06185857796658,-23.664550781250004},{83.36467767271151,-21.665039062500004}}"
"{{29.535804764613406,-49.74609375000001},{8.450577108314935,-51.98730468750001}}"
"{{79.5764552072289,-49.59228515625},{79.29445155195178,-26.630859375}}"
"{{81.704189256478,-54.99755859375001},{79.58439843052948,-49.39453125000001}}"
"{{79.84220912474304,-70.40039062500001},{79.57643489594511,-49.35058593750001}}"
"{{80.21507980571249,-98.525390625},{79.84334859971422,-70.33447265625001}}"
"{{82.14776327170152,-99.755859375},{80.2232466376487,-98.525390625}}"
"{{34.54275211249803,16.171875000000004},{35.2097063576571,3.3178710937500004}}"
"{{33.651187532109425,30.838623046875004},{34.533720128285246,16.182861328125004}}"
"{{78.81478494077108,94.61425781250001},{81.72327381038963,104.41406250000001}}"
"{{76.22509277975229,78.00292968750001},{76.90912807868744,84.81445312500001},{78.45447917074854,93.076171875},{78.80197755145336,94.59228515625001}}"
"{{75.9895296212927,54.11865234375001},{75.81288840116753,71.91650390625001},{76.06909927163828,75.91552734375001},{76.22172425880633,77.98095703125001}}"
"{{76.24782252504502,33.31054687500001},{75.98418490062714,53.92089843750001}}"
"{{68.65127894587354,-3.1640625000000004},{75.16112809478108,13.095703125},{75.7353727207208,16.962890625000004},{75.99417499023473,22.060546875},{76.2373747971619,33.17871093750001}}"
"{{69.17549727543363,-29.926757812500004},{69.70286804851057,-56.77734375000001}}"
"{{69.70282045110906,-56.86523437500001},{70.31876368468885,-80.2880859375}}"
"{{70.77962638726613,-101.16210937500001},{70.3335333600625,-80.2880859375}}"
"{{71.35706654962706,-122.60742187500001},{70.75789163077629,-101.29394531250001}}"
"{{71.37114527965487,-122.65136718750001},{76.53728745880738,-121.2451171875}}"
"{{72.35579309765922,35.28808593750001},{72.40896910903363,38.3203125},{72.9573204349752,40.47363281250001},{73.47766564422271,41.30859375000001},{73.8974291085278,41.22070312500001}}"
"{{74.21140215411656,30.541992187500004},{73.5275966079389,30.981445312500004},{72.81503075677311,32.87109375000001},{72.38237599008738,35.15625000000001}}"
"{{77.65528467305815,31.398925781250004},{78.22440868992419,31.794433593750004},{78.78479683103333,33.11279296875001},{79.21663188381567,35.06835937500001}}"
"{{79.22073511053915,35.13427734375001},{79.52064495698225,37.26562500000001},{79.68323864753168,39.83642578125},{79.93591824625466,52.66845703125}}"
"{{58.630989381205694,-101.82128906250001},{56.824898736645046,-97.3828125}}"
"{{45.20679925657753,-134.56054687500003},{44.18213239508339,-115.44433593750001}}"
"{{43.38215603329427,-100.23925781250001},{44.18237391861909,-115.48828125000001}}"
"{{42.28937500510068,-74.35546875000001},{43.45293700405417,-100.32714843750001}}"
"{{17.25759133970802,-47.63671875000001},{34.52129055734534,-45.83496093750001},{41.14559791090013,-37.96875000000001}}"
"{{41.21182473244881,-37.88085937500001},{52.98829219956663,-25.839843750000004}}"
"{{60.58697959410246,-16.215820312500004},{53.01412285630967,-25.795898437500004}}"
"{{60.58677743808607,-16.215820312500004},{68.62472097377133,-3.251953125}}"
"{{60.88770611088314,40.03417968750001},{62.062680662375826,38.80371093750001},{63.2533498147678,39.02343750000001},{64.09137482095312,40.34179687500001},{64.43280877626495,41.87988281250001}}"
"{{65.16460507987819,51.59179687500001},{64.71789324501542,45.37353515625001},{64.43484897969705,41.90185546875001}}"
"{{80.16371016565114,65.03906250000001},{79.9359095270661,52.86621093750001}}"
"{{36.58610118408531,57.52441406250001},{37.54464655254461,59.76562500000001},{47.07010483190624,72.42187500000001}}"
"{{53.009942656205766,75.27832031250001},{47.12916151370425,72.46582031250001}}"
"{{58.947415304251614,75.71777343750001},{53.04012556006827,75.32226562500001}}"
"{{64.62387720204691,76.33300781250001},{58.99419315476967,75.71777343750001}}"
"{{69.62649279754494,77.12402343750001},{64.71703287750218,76.33300781250001}}"
"{{73.83704749031055,77.95898437500001},{69.64136976296966,77.12402343750001}}"
"{{73.86151293492749,77.95898437500001},{77.78628550361161,78.83789062500001}}"
"{{61.87691725271636,50.42724609375001},{65.16458936236576,51.61376953125001}}"
"{{64.65211757900336,76.37695312500001},{64.6884920742611,68.00537109375001},{65.08955540141413,54.05273437500001},{65.17378251588097,51.63574218750001}}"
"{{30.145084036072436,49.921875},{36.54522001751366,57.43652343750001}}"
"{{78.65594484880863,38.97949218750001},{78.5080354999695,26.103515625000004}}"
"{{77.64593933568106,31.376953125000004},{74.25932553446991,30.585937500000004}}"
"{{30.637901295792396,-63.54492187500001},{29.573793384867194,-49.79003906250001}}"
"{{80.16376359850337,65.17076470104469},{79.68720415243072,74.00386310920796},{78.2868675029663,78.09095836303453},{77.83254183156593,78.88177554039117}}"
"{{61.48864084404301,-61.36962890625001},{58.32100694162074,-56.93115234375}}"
"{{60.95181920583855,-46.12060546875001},{62.30880238602694,-40.97900390625001},{63.74363097533547,-37.96875000000001},{66.53081281918169,-35.41992187500001}}"
"{{73.88215087777573,-47.58178710937501},{74.05277121599438,-48.6474609375},{74.12507000216895,-49.68017578125001},{74.08896360528692,-50.76782226562501},{73.98926815747116,-51.66870117187501},{73.8095107125681,-52.39379882812501}}"
"{{53.26521293124656,-19.127197265625004},{53.34399288223422,-16.940917968750004},{53.311176250033746,-12.392578125},{53.02138658552232,-4.592285156250001}}"
"{{71.31482471093453,-52.09716796875001},{72.89356344054126,-50.64697265625001},{74.81032451045824,-46.12060546875001},{75.55203585302985,-42.40722656250001}}"
"{{73.55157109111043,-83.58398437500001},{76.28880247675467,-82.88085937500001},{78.19744279968069,-81.69433593750001},{78.62999573118161,-80.24414062500001},{78.81907907509827,-78.13476562500001},{78.85312281273521,-76.37695312500001}}"
"{{69.22145700027437,-82.92480468750001},{70.43379128702244,-83.93554687500001},{73.57840353117606,-83.58398437500001}}"
"{{65.76672923419689,-85.18798828125},{67.28051599062135,-83.78173828125001},{69.21719956262416,-82.96875000000001}}"
"{{6.9482572114510015,13.029785156250002},{11.243331199635431,11.359863281250002}}"
"{{51.83578522825206,-14.809570312500002},{58.49362211446233,-4.614257812500001},{60.130563616914216,-2.5048828125000004},{61.8353956947653,-2.3730468750000004},{62.63372947035247,-1.4501953125000002}}"
"{{62.663863177895806,-1.3842773437500002},{63.50924186557996,0.10986328125000001},{63.85045553820694,2.8564453125000004},{63.587897242160636,5.712890625000001},{62.623968707647094,7.888183593750001},{61.02647605069764,8.415527343750002}}"
"{{78.30496518623245,-33.94775390625001},{78.12541033807125,-30.607910156250004},{77.8787299097483,-29.663085937500004},{77.47070269726035,-28.894042968750004},{77.16202207827949,-28.740234375000004}}"
"{{46.95139473180016,-90.087890625},{55.705539058012924,-94.74609375000001},{60.086787628453784,-93.20800781250001},{65.8030064665743,-85.166015625}}"
"{{68.41245189195674,-59.50195312500001},{68.41934068700837,-57.864990234375},{69.88880189528024,-46.70288085937501},{70.14776281204774,-45.72509765625001}}"
"{{70.1553312638636,-45.72509765625001},{72.94542565794154,-37.59521484375001}}"
"{{72.94958837435227,-37.57324218750001},{75.48485851402627,-31.706542968750004},{76.46969928577455,-29.289550781250004},{77.1669754109708,-28.762207031250004}}"
"{{5.605094484995465,19.028320312500004},{6.926446654771118,13.062744140625002}}"
"{{78.74181446950942,72.64160156250001},{76.28952963839207,78.13476562500001}}"
"{{78.90367440221122,47.50488281250001},{76.02664354258648,54.53613281250001}}"
"{{78.69477872141782,-41.24267578125001},{79.781161652882,-48.86718750000001}}"
"{{79.00894589736585,-22.434082031250004},{80.21600792319049,-18.984375000000004}}"
"{{52.057244632741465,-4.4101405782463985},{51.75426230732074,-14.655761718750002}}"
"{{41.97273895460692,-27.832992140746402},{51.747440690123895,-14.699707031250002}}"
"{{35.0470273064733,28.037109375000004},{40.59670399908435,24.19189453125}}"
"{{74.20598953373022,-75.80566406250001},{73.59677131716496,-83.49609375000001}}"
"{{65.08852297181699,44.6923828125},{61.43851105307489,48.51562500000001}}"
"{{54.44446274964168,34.23339843750001},{50.90287550220524,39.02343750000001}}"
"{{20.775651636682568,9.558105468750002},{25.124676016616647,16.457519531250004},{29.074918280968426,22.302246093750004},{31.690493176191385,25.158691406250004},{35.0120031326552,28.048095703125004}}"
"{{78.84032459343,-11.271972656250002},{80.60765639480593,-2.1313476562500004}}"
"{{80.60060480864938,-2.1093750000000004},{78.78051647032568,11.953125000000002},{79.06764064061444,21.027832031250004},{79.0676419019977,30.190429687500004}}"
"{{76.26346668154832,33.42041015625001},{79.05931261443492,30.168457031250004}}"
"{{35.601579397249075,-135.52734375000003},{45.18211934716729,-134.51660156250003}}"
"{{34.486211105006745,-116.45507812500001},{44.05604419903055,-115.40039062500001}}"
"{{33.43144133557529,-101.33789062500001},{43.357221400334005,-100.28320312500001}}"
"{{32.15610367320088,-73.93798828125001},{42.261122998234285,-74.37744140625001}}"
"{{41.39334717838779,-37.81494140625001},{43.7075877345413,-53.08593750000001},{41.705728515237524,-61.12792968750001},{42.293560256272556,-74.39941406250001}}"
"{{54.22623885640503,-39.48486328125001},{53.199434372243395,-25.598144531250004}}"
"{{69.17039101969011,-29.860839843750004},{68.97416883336507,-17.666015625000004},{68.72840523171968,-3.0541992187500004}}"
"{{32.91434354229725,-99.66796875000001},{40.91357490145737,-98.78906250000001}}"
"{{71.10185426976504,-0.30761718750000006},{68.87935185889421,16.567382812500004}}"
"{{76.74018855747165,63.32519531250001},{74.75274269097355,73.21289062500001}}"
"{{79.98186531846933,-75.23437500000001},{79.94356712791017,-72.46582031250001},{78.3360748575523,-65.34667968750001}}"
"{{78.34496538222822,-65.35766601562501},{78.95245341519144,-62.01782226562501},{79.4323100135731,-57.78808593750001},{79.59626784559408,-55.61279296875001},{79.77921535335642,-48.85620117187501}}"
"{{79.78116047291938,-48.75732421875001},{80.05797606962592,-33.53027343750001},{80.25333055410498,-24.19189453125},{80.23849919314019,-18.984375000000004}}"
"{{80.23850122296075,-19.00634765625},{80.18610236450691,-14.611816406250002},{80.30523436152997,-11.821289062500002},{80.20481184925671,-9.206542968750002},{79.88961154189035,-6.943359375000001},{79.5603963411185,-6.064453125000001},{79.1299736629245,-6.152343750000001}}"
"{{59.78867432924196,-50.2294921875},{63.390921176232276,-51.43798828125},{64.27319614288669,-51.416015625}}"
"{{67.70084066937893,-30.761718750000004},{66.6787429635604,-36.49658203125001},{65.36639333174408,-43.1982421875},{64.45333435294589,-49.65820312500001},{64.24458262952129,-51.4599609375}}"
"{{67.70109960111003,-30.695800781250004},{68.22867344700711,-27.663574218750004},{68.2693927146332,-23.994140625000004},{68.72840233617701,-21.774902343750004},{69.47294941729716,-20.500488281250004},{70.21484898780253,-20.258789062500004},{70.80134217499268,-20.522460937500004},{71.25141402843784,-21.467285156250004}}"
"{{71.32188871171432,-29.069824218750004},{71.76019222025327,-26.389160156250004},{71.77394270063294,-23.972167968750004},{71.52489554813059,-22.32421875},{71.23729529173767,-21.4453125}}"
"{{35.10186658291568,28.125000000000004},{42.5530038559455,33.35449218750001},{50.93031212213554,39.2431640625}}"
"{{50.94457521545875,39.25415039062501},{61.606643066973774,48.91113281250001}}"
"{{61.616814723081305,48.91113281250001},{64.32085889852122,51.98730468750001},{66.20487196254457,53.43750000000001},{67.62595236317344,53.43750000000001},{68.8325290128945,52.69042968750001},{69.88500820885992,51.32812500000001},{70.47355248819254,50.29541015625001}}"
"{{70.51753878203068,50.25146484375001},{72.16147384117482,42.78076171875001},{74.44932041218303,30.300292968750004},{75.43650229085475,27.883300781250004},{75.73189071715248,25.004882812500004},{75.64498533229285,22.78564453125}}"
"{{73.59674925286276,19.204101562500004},{74.36667908834315,18.808593750000004},{74.79317285691215,19.204101562500004},{75.09567994403443,19.775390625},{75.35901501831286,20.742187500000004},{75.64226141119123,22.796630859375}}"
"{{77.43792539627427,-32.29980468750001},{76.86075087001277,-24.4775390625}}"
"{{59.50644701837173,-67.52197265625001},{60.23438683788714,-66.21459960937501},{60.76457288884753,-64.59960937500001},{61.491257592507644,-61.39160156250001}}"
"{{58.28644794016396,-56.88720703125001},{58.722598828043395,-55.76660156250001},{60.951870686949526,-46.12060546875001}}"
"{{73.80339943821598,-52.42675781250001},{73.62471370414362,-53.20678710937501},{73.37511643189423,-53.71215820312501},{73.12180739002804,-53.909912109375},{72.90352511740538,-53.93188476562501},{72.6694453670621,-53.96484375000001}}"
"{{57.14634720361045,-21.005859375000004},{57.56131942188507,-14.721679687500002}}"
"{{75.57396853926103,-42.36328125000001},{78.04376664653154,-29.179687500000004}}"
"{{72.3757490117248,-48.36181640625},{72.97119267583909,-37.52929687500001}}"
"{{69.91312809898545,69.78515625000001},{69.73329982382708,76.99218750000001}}"
"{{67.07607359766077,69.36767578125001},{69.90012191341444,69.76318359375001}}"
"{{57.060126797741844,68.75244140625001},{58.274830033526584,75.62988281250001}}"
"{{48.45626724552148,64.57763671875001},{47.850016136454585,72.76245117187501}}"
"{{73.66981137104284,71.12548828125001},{73.87982537046003,77.87109375}}"
"{{77.34618067686469,72.02636718750001},{77.81405305386737,78.85986328125001}}"
"{{78.82362182708515,59.85351562500001},{80.161837949906,65.10498046875001}}"
"{{78.58584228085758,48.84521484375001},{79.90902548023725,52.14111328125001}}"
"{{72.26229862321985,31.651611328125004},{72.29574469734673,35.41992187500001},{72.5116418289824,42.593994140625}}"
"{{78.13449574774577,12.744140625000002},{78.95365885565698,18.149414062500004}}"
"{{71.29408925083415,24.082031250000004},{78.4704140518456,19.599609375000004},{78.95247095152689,18.138427734375004}}"
"{{56.03523275261761,28.762207031250004},{57.28645562416788,29.223632812500004},{71.23105936059021,24.0380859375}}"
"{{70.76557361331348,-98.7024402142859},{68.45567476660503,-93.4277171186832},{68.37256173325162,-93.09122772105029}}"
"{{64.50117131685701,-83.27636934453962},{68.39935276093287,-93.29597609092569}}"
"{{60.9870611144841,-75.5333519026584},{64.50143580397553,-83.32031897111881}}"
"{{55.81350981494645,-65.36863940151241},{61.03733138085906,-75.6519503784925}}"
"{{53.04081678063458,-60.08505816006827},{55.813855029413936,-65.34663223262878}}"
"{{44.41027632170149,-45.760905274135624},{53.02826218066431,-60.117239268950456}}"
"{{78.29016891978046,65.99133631773138},{78.27820599427947,57.65620901624758}}"
"{{70.6559712578709,-82.43608133502646},{69.31088998170165,-92.52681879907679},{68.487951603102,-93.36187464631925}}"
"{{70.67813778763418,-74.53126941335643},{70.79415037061719,-75.76165619585156},{70.64903596443037,-82.5294047269801}}"
"{{69.49609365629779,-61.80909065940842},{70.6637215975437,-74.44366783166308}}"
"{{68.41375359442226,-49.78150878667808},{69.49612495831694,-61.85324304771021}}"
"{{40.30623710280822,-39.71882817179118},{44.49680014428398,-45.9229551004009}}"
"{{40.63732710094257,-19.06481171193942},{42.13085443915129,-19.907245975856426},{44.871482332857504,-22.390169074344026}}"
"{{33.31283530188996,-23.635831720928813},{34.426257014772,-21.28452669894143},{35.84644961851378,-19.922088274986102},{37.43392488589151,-18.999146116822832},{38.98843212206948,-18.77939798392682},{40.59745723586234,-19.028335411777213}}"
"{{33.894230395035365,-30.758979717607367},{33.14278919608052,-28.51754876206796},{32.84264078388635,-26.02661348516461},{33.32142786753678,-23.653504056016146}}"
"{{40.29665287459593,-39.682584831905984},{34.52450501559522,-31.99207964801992},{33.897781649866005,-30.750739971513617}}"
"{{74.74126727207475,73.32279920408165},{76.50613087240345,75.8123198709079}}"
"{{77.88700422515647,75.13167874554357},{78.1208996303784,74.3335219782252},{78.2737275749497,73.19096542362124},{78.34941069014629,71.89458301895046},{78.33531914226054,70.7806657142024}}"
"{{76.74047155235512,63.303289524477684},{77.19130105748953,65.23680777809157},{77.75820627364119,67.28024108190597},{78.10281472783156,68.444813433552},{78.29970748549488,69.98957243577671},{78.3360486221439,70.79618963784624}}"
"{{74.7843269273081,53.20081508252089},{76.32913876276756,62.36431222428488},{76.74041774764112,63.237397440202884}}"
"{{73.39299985991832,55.04669939884743},{74.78161480353488,53.217771280460425}}"
"{{72.51503994957126,42.648939802007405},{73.38766094729567,55.041506063289596}}"
"{{73.79997067620803,41.54227108365606},{72.51135773408298,42.61601640878587}}"
"{{72.88459278905174,51.004791912331555},{77.19628775995297,60.33694641809406}}"
"{{68.54648461007793,40.8744029858251},{69.38281845987943,43.972851659658986},{70.24000802345533,46.39008112151519},{72.874388755944,50.9875563777636}}"
"{{70.31878738618016,38.85868895447644},{67.04066960379235,21.554174914874746}}"
"{{62.88524794762992,10.953379925823016},{64.12008002066406,13.776802621279764},{67.04173932642118,21.54418837460521}}"
"{{68.39924892468802,-59.45800781250001},{68.10615268380982,-68.02734375000001},{68.38186585247371,-76.90429687500001},{69.24057862839378,-82.83691406250001}}"
"{{70.32741587787369,38.896227596642554},{70.5848100387664,40.3465652737563},{74.49042824966185,48.53754588729956},{74.9195073759188,49.724138350066816}}"
"{{74.9014223196924,49.686495091480026},{78.27151157508425,57.66723524960521}}"
"{{77.20114634831876,60.36678713900817},{77.86076743439727,62.102797388886735},{78.13052356719543,63.55313506600043},{78.28489210954756,65.9729014691448}}"
"{{24.92646697807766,-65.32465741933918},{24.527084009296644,-59.65569269348275}}"
"{{55.27912801714544,8.706509732211162},{56.64484108576581,9.233905251161609},{59.27904260489906,11.233613260515382},{60.89034123316283,13.255296083158738},{62.30180570319856,15.672525545014983},{62.9252610842793,17.226597012633633}}"
"{{36.69750663136765,23.407513144261877},{36.46801869590101,25.363271527036467},{35.79330729052625,33.27420431129313}}"
"{{48.544640569505475,30.680559429793966},{35.83368131639299,33.288645401056854}}"
"{{55.801419100720864,-65.28072504907676},{56.32579755288262,-64.57774888480931},{61.63769968840981,-63.56690100236881}}"
"{{64.32072152138616,-62.922947567047636},{61.64295273860765,-63.55590496756561}}"
"{{54.26515883819638,3.6693516262451373},{55.24174309271344,8.679250987700447}}"
"{{42.924251753870685,-29.157736414146033},{45.567753206467906,-40.341717064534734},{46.95022411492278,-47.52685978282922},{48.574767738027845,-68.66455078125001},{46.950277493083156,-90.04395825473762}}"
"{{40.3208706604523,-11.237643135924394},{40.97138845976311,-16.225925752664008},{41.73050094837191,-21.74160388835407},{42.92439898931017,-29.2017636941509}}"
"{{75.59313930582529,-35.32104492187501},{77.43500856252041,-32.31079101562501}}"
"{{81.65331016661341,-90.74707031250001},{82.79023374767753,-88.30810546875001}}"
"{{49.303599160809476,-64.00634765625001},{50.247182965399496,-64.12719726562501},{54.361377592982365,-63.72070312500001},{56.365224227295975,-61.71020507812501},{57.914816294262906,-57.76611328125001},{58.28643646513996,-56.87622070312501}}"
"{{68.02359953535999,35.26611328125001},{68.09750653749735,36.87011718750001},{67.95770548086038,38.38623046875001},{67.61704273914758,40.12207031250001},{67.08383892920978,41.30859375000001},{66.56575891120332,41.87988281250001},{66.20388424130368,42.09960937500001}}"
"{{57.580791488832915,-14.699707031250002},{61.85503969001189,-14.172363281250002},{64.66126916118782,-13.974609375000002},{66.27590904286897,-13.139648437500002}}"
"{{78.03919186587142,-29.157714843750004},{80.23104268738177,-16.325683593750004}}"
"{{44.88730531183493,10.253997389532229},{49.99635146186587,5.111891079765407},{54.28261348899075,3.529704522914066}}"
"{{54.265217554569375,3.559654437044491},{60.43550372531258,8.151857625789589},{62.865285848497095,10.942456151846478}}"
"{{40.313886470887084,-11.26096367920918},{40.83117644482411,-2.922196110680853},{42.489047460142245,3.702619067283189},{44.87924793030706,10.239257812500002}}"
"{{81.39421841455972,-25.70798192802478},{80.7252578206287,-17.094704992103974}}"
"{{79.77334917723095,-4.394542035198015},{80.72173565587921,-17.07276900552721}}"
"{{77.92946473351594,11.909185080099011},{78.17057881483167,11.491691669111407},{78.58007787646662,10.030517578125002},{78.9587644719581,6.218233677235171},{79.6437604374301,-3.306782306243921},{79.77145994547466,-4.39458086191084}}"
"{{73.01691191185985,6.9576484660645},{74.85221328469785,9.155129795024674},{76.26866680935713,11.052242858190583},{77.07736502421736,12.230956543688364},{77.45409565175038,12.2936882296374},{77.92716243158296,11.909177530460413}}"
"{{69.66471760762639,3.4167545179938013},{73.01300260866338,6.95436403796161}}"
"{{81.39420504238485,-25.685959659863943},{82.8173413482503,-31.012182210776036}}"
"{{82.52574329542993,-22.1343576417769},{81.40720809064044,-25.620222882440487}}"
"{{81.29367472871725,-3.80736335824893},{79.7848952377018,-4.240763640002433}}"
"{{80.72707060639704,3.7959220399533105},{79.773253980112,-4.218948447643359}}"
"{{79.75531153622367,17.00278482700402},{77.93845136680805,11.95302793321791}}"
"{{78.36806294812138,21.639470431110027},{77.93175726083486,11.964101621446781}}"
"{{74.28095496284455,17.15319392634149},{73.05464491444181,7.0751888413812}}"
"{{72.20980798870123,14.926969641969979},{73.05150605037034,7.009213711081747}}"
"{{47.36366131316182,-63.906353021302195},{55.103509667343666,-63.171382404670794}}"
"{{36.20883210608672,-65.01709847190843},{38.11727165830543,-64.55567053361881},{47.384139456930605,-63.8964822179604}}"
"{{24.956109126492347,-65.33570414457301},{33.15597635647012,-64.97316718016583},{36.173393004545545,-65.00610243710521}}"
"{{35.83142627506272,-57.94956515419791},{36.279788250912596,-64.92931138480931}}"
"{{69.3571020807277,-55.28320420351981},{69.89308746187852,-54.56782959339887},{71.1249789509023,-52.69997046378272},{72.07542767726027,-51.11778390693138},{72.78693327937113,-50.27346877707424}}"
"{{74.27165531800037,62.86376953125001},{73.32155489001015,70.11474609375001},{72.6922808065356,72.86132812500001},{71.20900079327177,77.98095703125001}}"
"{{81.59828649436317,-74.31152343750001},{82.71259818361412,-72.94921875000001}}"
"{{75.78095967899463,-49.951235707010056},{72.78683576146034,-50.273435342960404}}"
"{{75.7861350105568,-43.45431438161178},{75.77782313108307,-49.943897268160846}}"
"{{81.77050274108963,-43.37402343750001},{81.79252328200276,-40.45166015625},{81.79879622969956,-36.95800781250001},{81.73271184432988,-32.91503906250001},{81.50855673118984,-27.268066406250004},{81.39095114646327,-25.686035156250004}}"
"{{60.25070208416037,-56.2609830925656},{60.39222794762559,-62.32545023832302}}"
"{{64.18246854521993,40.84716796875001},{64.82087527733238,41.83593750000001},{65.599289195658,42.20947265625},{66.20044396338554,42.09960937500001}}"
"{{68.44266944282559,-50.03537190952118},{69.35713752382726,-55.25027649621903}}"
"{{65.66276101534925,-77.00319108444182},{64.53909905474964,-83.32017768502489}}"
"{{47.73782087753818,-42.03738003903102},{44.46499156875399,-45.802044015397236}}"
"{{68.63254264157582,11.030269123420789},{69.50379257509944,3.3617862076955833}}"
"{{65.71821285581878,8.539636575272443},{66.87833188345238,0.9448112765123985}}"
"{{62.381111570218216,6.049120507262629},{66.86978101590546,0.9557835838799634}}"
"{{58.17646958802874,2.7575640452957866},{60.957032092662246,-4.021031684903425}}"
"{{57.34448464881628,-14.941448312272227},{55.203975568970364,-5.416294278258632}}"
"{{52.563018806333574,-13.341542876327603},{55.2166112108618,-5.44914972473274}}"
"{{46.28471858653042,-37.439950248268744},{47.41328836331056,-61.655601307519504},{47.23451238987908,-63.852580046252434}}"
"{{31.896228689275738,23.2800422391126},{36.677252999848875,23.488763060131202}}"
"{{37.92697774337966,0.6372188949678083},{41.80409479810386,2.4938943273354135}}"
"{{46.286486381894896,-37.419456242665824},{42.32653319068809,-37.55125227493319}}"
"{{55.1035152970054,-63.14941406250001},{60.3921669816323,-62.35839843750001}}"
"{{60.36499801340894,-62.35839843750001},{63.154325160922525,-61.45751953125001},{64.15817735901248,-60.86425781250001},{65.79376705508007,-59.26025390625001}}"
"{{65.7892677500249,-59.27124023437501},{69.36870194570693,-55.27221679687501}}"
"{{65.11367584553898,-53.82202148437501},{65.8162872168191,-59.24926757812501}}"
"{{73.03541613771881,-43.83544921875001},{73.0514404578709,-50.20751953125}}"
"{{54.444318882872466,-57.18383789062501},{54.6611252608975,-63.21533203125001}}"
"{{68.89522506730152,16.545410156250004},{69.86122883710756,18.479003906250004},{70.80057659362494,21.26953125},{71.50344285213508,24.389648437500004},{71.93091062536475,27.202148437500004},{72.14778784458443,29.707031250000004},{72.2556374291089,31.618652343750004}}"
"{{68.65609871552893,-10.393066406250002},{68.34248886579908,-11.09619140625},{67.2295442831956,-12.535400390625002},{66.27569324079579,-13.139648437500002}}"
"{{80.23101411452517,-16.303710937500004},{81.6149012441964,-5.163574218750001}}"
"{{49.309749790960424,-64.00634765625001},{47.42645434107798,-64.22607421875001},{45.36529265065268,-64.53369140625001},{41.47540318865379,-66.10473632812501}}"
"{{50.708602803888475,-22.543945312500004},{51.42647061049813,-23.57666015625},{52.48268526494987,-24.169921875},{53.461875580081106,-24.19189453125},{53.96894264546102,-23.620605468750004}}"
"{{57.34433845563891,-14.985351562500002},{55.89374907168163,-18.500976562500004},{55.72711710949848,-20.115966796875004},{55.19772071703055,-21.939697265625004},{54.61660441430085,-22.950439453125},{53.988483072451594,-23.598632812500004}}"
"{{61.12151614456634,-3.5595703125},{57.97325998461206,-13.579101562500002},{57.32650102318805,-15.007324218750002}}"
"{{61.153849985327966,-3.5375976562500004},{62.206122198791675,-2.65869140625},{66.87854832100801,0.9448242187500001}}"
"{{66.86120484543524,0.9448242187500001},{69.65708193663282,3.4277343750000004}}"
"{{67.17848850799356,-4.680175781250001},{68.19601754934376,-3.7133789062500004},{69.62548962799988,-2.7246093750000004},{71.39871096331248,-2.0654296875000004}}"
"{{62.64387679828903,-8.415527343750002},{63.12460031340841,-7.932128906250001},{63.91698063112481,-7.822265625000001},{67.18711575387736,-4.680175781250001}}"
"{{55.92190896977488,-11.62353515625},{59.854507185939475,-11.052246093750002},{62.63391008874515,-8.393554687500002}}"
"{{47.872173254387725,-13.117675781250002},{48.701486751877376,-12.7001953125},{55.93702751543363,-11.62353515625}}"
"{{46.28621529794675,-37.41943359375001},{46.2540269346786,-35.90332031250001},{45.365481074581,-33.90380859375001},{44.793530904744074,-21.840820312500004},{45.75223687951102,-21.049804687500004},{46.61755606341533,-19.885253906250004},{47.383461203271516,-18.127441406250004},{47.36712432588114,-15.776367187500002},{47.27773110594633,-14.282226562500002},{47.84275809264507,-13.16162109375}}"
"{{28.277019821122927,-21.335449218750004},{29.431998515285443,-21.071777343750004},{30.7819212340212,-20.346679687500004},{38.73474220317694,-19.709472656250004},{39.31527859211878,-20.786132812500004},{40.47872101727894,-21.950683593750004},{41.45783519743131,-22.47802734375},{42.32608088898904,-37.55126953125001}}"
"{{17.936934571327278,-21.950683593750004},{28.285291429409668,-21.357421875000004}}"
"{{41.83686503510377,2.5048828125000004},{42.36661788647809,1.329345703125},{44.08508522804759,-5.866699218750001},{44.300262179733664,-9.019775390625002},{45.59100225388506,-10.217285156250002},{46.60418001786351,-11.667480468750002},{47.28668400410938,-14.249267578125002}}"
"{{36.6859862598913,23.488769531250004},{37.509750580102605,19.182128906250004},{41.820538759852056,2.4829101562500004}}"
"{{55.93693668900252,28.740234375000004},{48.52994685815856,30.651855468750004}}"
"{{71.44815902922177,-6.591796875000001},{71.39915062796901,-2.0874023437500004}}"
"{{67.93178226429201,-9.096679687500002},{67.28899835538694,-4.636230468750001}}"
"{{63.37834475752364,-13.117675781250002},{62.65392037851639,-8.525390625000002}}"
"{{56.13912115103157,-16.896972656250004},{55.87526185129526,-11.71142578125}}"
"{{48.31694899748311,-18.566894531250004},{48.36077867094205,-14.787597656250002},{47.87211049972368,-13.183593750000002}}"
"{{76.87853200494568,-24.257812500000004},{80.70404301218483,-17.094726562500004}}"
"{{73.34910228028922,-28.740234375000004},{76.88099824229796,-24.257812500000004}}"
"{{69.71219075036272,-32.43164062500001},{73.34067570996041,-28.696289062500004}}"
"{{75.29215152428775,53.81103515625001},{74.26563705702293,62.86376953125001}}"
"{{81.64692490949463,-56.77734375000001},{82.77067629134852,-55.76660156250001}}"
"{{33.20193957247506,-69.65323998055719},{34.9399958263479,-68.78515939479658},{41.47712164526346,-66.10466381120256}}"
"{{20.075162850248283,-75.18869403423983},{27.13651353792698,-72.31089509399035},{33.183615581778405,-69.6643846098636}}"
"{{81.64692672160267,-56.77734375000001},{81.68675739568785,-55.38208007812501},{81.72002572457815,-49.38354492187501},{81.75318599755042,-45.615234375},{81.76892868623617,-43.39599609375001}}"
"{{60.75594515729436,32.32177734375001},{62.950240044916846,36.78222656250001},{63.33242678799484,37.77099609375001},{63.60232843304558,39.61669921875001},{64.17294113186514,40.81420898437501}}"
"{{68.66458697819996,-10.371093750000002},{71.10254880227406,-4.680175781250001},{72.16163704557864,-4.592285156250001},{73.09304238215718,-2.4389648437500004},{73.52839241398783,0.087890625}}"
